Name,Description,Letter,Tier,Effect1,Level1,Effect2,Level2,Effect3,Level3,Effect4,Level4,Effect5,Level5,Disallowed Move Types,Disallowed Weapons,Exclusive User 1,Exclusive User 2,Exclusive User 3
HP +3,Grants +3 to max HP.,A,1,HPBoost,3,,,,,,,,,None,None,,,
HP +4,Grants +4 to max HP.,A,2,HPBoost,4,,,,,,,,,None,None,,,
HP +5,Grants +5 to max HP.,A,3,HPBoost,5,,,,,,,,,None,None,,,
Attack +1,Grants Atk +1.,A,1,atkBoost,1,,,,,,,,,None,None,,,
Attack +2,Grants Atk +2.,A,2,atkBoost,2,,,,,,,,,None,None,,,
Attack +3,Grants Atk +3.,A,3,atkBoost,3,,,,,,,,,None,None,,,
Speed +1,Grants Spd +1.,A,1,spdBoost,1,,,,,,,,,None,None,,,
Speed +2,Grants Spd +2.,A,2,spdBoost,2,,,,,,,,,None,None,,,
Speed +3,Grants Spd +3.,A,3,spdBoost,3,,,,,,,,,None,None,,,
Defense +1,Grants Def + 1.,A,1,defBoost,1,,,,,,,,,None,None,,,
Defense +2,Grants Def + 2.,A,2,defBoost,2,,,,,,,,,None,None,,,
Defense +3,Grants Def + 3.,A,3,defBoost,3,,,,,,,,,None,None,,,
Resistance +1,Grants Res +1.,A,1,resBoost,1,,,,,,,,,None,None,,,
Resistance +2,Grants Res +2.,A,2,resBoost,2,,,,,,,,,None,None,,,
Resistance +3,Grants Res +3.,A,3,resBoost,3,,,,,,,,,None,None,,,
HP/Atk 1,"Grants HP +3, Atk +1.",A,2,HPBoost,3,atkBoost,1,,,,,,,None,None,,,
HP/Atk 2,"Grants HP +4, Atk +2.",A,3,HPBoost,4,atkBoost,2,,,,,,,None,None,,,
HP/Spd 1,"Grants HP +3, Spd +1.",A,2,HPBoost,3,spdBoost,1,,,,,,,None,None,,,
HP/Spd 2,"Grants HP +4, Spd +2.",A,3,HPBoost,4,spdBoost,2,,,,,,,None,None,,,
HP/Def 1,"Grants HP +3, Def +1.",A,2,HPBoost,3,defBoost,1,,,,,,,None,None,,,
HP/Def 2,"Grants HP +4, Def +2.",A,3,HPBoost,4,defBoost,2,,,,,,,None,None,,,
HP/Res 1,"Grants HP +3, Res +1.",A,2,HPBoost,3,resBoost,1,,,,,,,None,None,,,
HP/Res 2,"Grants HP +4, Res +2.",A,3,HPBoost,4,resBoost,2,,,,,,,None,None,,,
Atk/Spd 1,Grants Atk/Spd +1.,A,2,atkBoost,1,spdBoost,1,,,,,,,None,None,,,
Atk/Spd 2,Grants Atk/Spd +2.,A,3,atkBoost,2,spdBoost,2,,,,,,,None,None,,,
Attack/Def +1,Grants Atk/Def +1.,A,2,atkBoost,1,defBoost,1,,,,,,,None,None,,,
Attack/Def +2,Grants Atk/Def +2.,A,3,atkBoost,2,defBoost,2,,,,,,,None,None,,,
Attack/Res 1,Grants Atk/Res +1.,A,2,atkBoost,1,resBoost,1,,,,,,,None,None,,,
Attack/Res 2,Grants Atk/Res +2.,A,3,atkBoost,2,resBoost,2,,,,,,,None,None,,,
Spd/Def 1,Grants Spd/Def +1,A,2,spdBoost,1,defBoost,1,,,,,,,None,None,,,
Spd/Def 2,Grants Spd/Def +2,A,3,spdBoost,2,defBoost,2,,,,,,,None,None,,,
Spd/Res 1,Grants Spd/Res +1,A,2,spdBoost,1,resBoost,1,,,,,,,None,None,,,
Spd/Res 2,Grants Spd/Res +2,A,3,spdBoost,2,resBoost,2,,,,,,,None,None,,,
Def/Res 1,Grants Def/Res +1.,A,2,defBoost,1,resBoost,1,,,,,,,None,None,,,
Def/Res 2,Grants Def/Res +2.,A,3,defBoost,2,resBoost,2,,,,,,,None,None,,,
Fury 1,"Grants Atk/Spd/Def/Res+1. After combat, deals 2 damage to unit.",A,1,spectrumBoost,1,selfDmg,2,,,,,,,None,Staff,,,
Fury 2,"Grants Atk/Spd/Def/Res+2. After combat, deals 4 damage to unit.",A,2,spectrumBoost,2,selfDmg,4,,,,,,,None,Staff,,,
Fury 3,"Grants Atk/Spd/Def/Res+3. After combat, deals 6 damage to unit.",A,3,spectrumBoost,3,selfDmg,6,,,,,,,None,Staff,,,
Fury 4,"Grants Atk/Spd/Def/Res+4. After combat, deals 8 damage to unit.",A,4,spectrumBoost,4,selfDmg,8,,,,,,,None,Staff,,,
Life and Death 1,Grants Atk/Spd+3. Inflicts Def/Res-3.,A,1,atkBoost,3,spdBoost,3,defBoost,-3,resBoost,-3,,,None,Staff,,,
Life and Death 2,Grants Atk/Spd+4. Inflicts Def/Res-4.,A,2,atkBoost,4,spdBoost,4,defBoost,-4,resBoost,-4,,,None,Staff,,,
Life and Death 3,Grants Atk/Spd+5. Inflicts Def/Res-5.,A,3,atkBoost,5,spdBoost,5,defBoost,-5,resBoost,-5,,,None,Staff,,,
Life and Death 4,Grants Atk/Spd+7. Inflicts Def/Res-5.,A,4,atkBoost,7,spdBoost,7,defBoost,-5,resBoost,-5,,,None,Staff,,,
Fortress Def 1,Grants Def +3. Inflicts Atk -3.,A,1,defBoost,3,atkBoost,-3,,,,,,,None,None,,,
Fortress Def 2,Grants Def +4. Inflicts Atk -3.,A,2,defBoost,4,atkBoost,-3,,,,,,,None,None,,,
Fortress Def 3,Grants Def +5. Inflicts Atk -3.,A,3,defBoost,5,atkBoost,-3,,,,,,,None,None,,,
Fortress Res 1,Grants Res +3. Inflicts Atk -3.,A,1,resBoost,3,atkBoost,-3,,,,,,,None,None,,,
Fortress Res 2,Grants Res +4. Inflicts Atk -3.,A,2,resBoost,4,atkBoost,-3,,,,,,,None,None,,,
Fortress Res 3,Grants Res +5. Inflicts Atk -3.,A,3,resBoost,5,atkBoost,-3,,,,,,,None,None,,,
Fort. Def/Res 1,Grants Def/Res +3. Inflicts Atk -3.,A,2,defBoot,3,resBoost,3,atkBoost,-3,,,,,None,None,,,
Fort. Def/Res 2,Grants Def/Res +4. Inflicts Atk -3.,A,3,defBoot,4,resBoost,4,atkBoost,-3,,,,,None,None,,,
Fort. Def/Res 3,Grants Def/Res +6. Inflicts Atk -2.,A,4,defBoot,6,resBoost,6,atkBoost,-2,,,,,None,None,,,
Still Water 1,Grants Atk/Res+3. Inflicts Def-3.,A,1,atkBoost,3,resBoost,3,defBoot,-3,,,,,None,None,,,
Still Water 2,Grants Atk/Res+4. Inflicts Def-4.,A,2,atkBoost,4,resBoost,4,defBoot,-4,,,,,None,None,,,
Still Water 3,Grants Atk/Res+5. Inflicts Def-5.,A,3,atkBoost,5,resBoost,5,defBoot,-5,,,,,None,None,,,
Still Water 4,Grants Atk/Res+7. Inflicts Def-5.,A,4,atkBoost,7,resBoost,7,defBoot,-5,,,,,None,None,,,
Solid Ground 1,Grants Atk/Def+3. Inflicts Res-3.,A,1,atkBoost,3,defBoot,3,resBoost,-3,,,,,None,None,,,
Solid Ground 2,Grants Atk/Def+4. Inflicts Res-4.,A,2,atkBoost,4,defBoot,4,resBoost,-4,,,,,None,None,,,
Solid Ground 3,Grants Atk/Def+5. Inflicts Res-5.,A,3,atkBoost,5,defBoot,5,resBoost,-5,,,,,None,None,,,
Solid Ground 4,Grants Atk/Def+7. Inflicts Res-5.,A,4,atkBoost,7,defBoot,7,resBoost,-5,,,,,None,None,,,
Death Blow 1,"If unit initiates combat, grants Atk+2 during combat.",A,1,atkBlow,1,,,,,,,,,None,Staff,,,
Death Blow 2,"If unit initiates combat, grants Atk+4 during combat.",A,2,atkBlow,2,,,,,,,,,None,Staff,,,
Death Blow 3,"If unit initiates combat, grants Atk+6 during combat.",A,3,atkBlow,3,,,,,,,,,None,Staff,,,
Death Blow 4,"If unit initiates combat, grants Atk+8 during combat.",A,4,atkBlow,4,,,,,,,,,None,Staff,,,
Darting Blow 1,"If unit initiates combat, grants Spd+2 during combat.",A,1,spdBlow,1,,,,,,,,,None,Staff,,,
Darting Blow 2,"If unit initiates combat, grants Spd+4 during combat.",A,2,spdBlow,2,,,,,,,,,None,Staff,,,
Darting Blow 3,"If unit initiates combat, grants Spd+6 during combat.",A,3,spdBlow,3,,,,,,,,,None,Staff,,,
Darting Blow 4,"If unit initiates combat, grants Spd+9 during combat.",A,4,spdBlow,4.5,,,,,,,,,None,Staff,,,
Armored Blow 1,"If unit initiates combat, grants Def+2 during combat.",A,1,defBlow,1,,,,,,,,,None,Staff,,,
Armored Blow 2,"If unit initiates combat, grants Def+4 during combat.",A,2,defBlow,2,,,,,,,,,None,Staff,,,
Armored Blow 3,"If unit initiates combat, grants Def+6 during combat.",A,3,defBlow,3,,,,,,,,,None,Staff,,,
Warding Blow 1,"If unit initiates combat, grants Res+2 during combat.",A,1,resBlow,1,,,,,,,,,None,Staff,,,
Warding Blow 2,"If unit initiates combat, grants Res+4 during combat.",A,2,resBlow,2,,,,,,,,,None,Staff,,,
Warding Blow 3,"If unit initiates combat, grants Res+6 during combat.",A,3,resBlow,3,,,,,,,,,None,Staff,,,
Swift Sparrow 1,"If unit initiates combat, grants Atk/Spd +2 during combat. ",A,2,atkBlow,1,spdBlow,1,,,,,,,None,Staff,,,
Swift Sparrow 2,"If unit initiates combat, grants Atk/Spd +4 during combat.",A,3,atkBlow,2,spdBlow,2,,,,,,,None,Staff,,,
Swift Sparrow 3,"If unit initiates combat, grants Atk+6, Spd+7 during combat.",A,4,atkBlow,3,spdBlow,3.5,,,,,,,None,Staff,,,
Surge Sparrow,"If unit initiates combat, grants Atk/Spd+7 to unit during combat, and also, if unit deals damage to foe using a Special, restores HP = X% of unit's max HP (X = unit's max Special cooldown count value x 20, +10; max 100). (Triggers even if 0 damage is dealt.) ",A,4,atkBlow,3.5,spdBlow,3.5,surgeHeal,100,,,,,None,Ranged,,,
Remote Sparrow,"If unit initiates combat, grants Atk/Spd+7 during combat and reduces damage from foe's first attack during combat by 30%.",A,4,atkBlow,3.5,spdBlow,3.5,remoteReduce,30,,,,,None,Melee-Staff,,,
Flared Sparrow,"If unit initiates combat, deals 7 damage to foe as combat begins (effects that reduce damage ""during comabt"" do not apply; will not reduce foe's HP below 1), grants Atk/Spd+7 to unit during combat, and applies 【Divine Vein (Flame)】 on 5 spaces in a line centered on foe's space (oriented left to right based on the direction unit is facing) for 1 turn after combat. 【Divine Vein (Flame)】 Applies the following effects on space: Acts as difficult terrain for foes with Range = 2 (moving over this space costs +1 movement; movement cost cannot exceed unit's allowed movement; ""cannot be slowed by terrain"" effects do not apply). At start of enemy phase, deals 7 damage to foe, and also, as combat begins, deals an additional 7 damage to foe (effects that reduce damage ""during combat"" do not apply; will not reduce foe's HP below 1). (Divine Vein effects do not stack; replaces any existing Divine Vein effect; Divine Vein effects applied simultaneously cancel each other out.)",A,4,atkBlow,3.5,spdBlow,3.5,sparrowFlames,0,,,,,Inf-Armor,Staff,,,
Sturdy Blow 1,"If unit initiates combat, grants Atk/Def +2 during combat. ",A,2,atkBlow,1,defBlow,1,,,,,,,None,Staff,,,
Sturdy Blow 2,"If unit initiates combat, grants Atk/Def +4 during combat. ",A,3,atkBlow,2,defBlow,2,,,,,,,None,Staff,,,
Sturdy Impact,"If unit initiates combat, grants Atk+6, Def+10 during combat and foe cannot make a follow-up attack.",A,4,atkBlow,3,defBlow,5,impactDenial,0,,,,,Armor-Cav,Staff,,,
Sturdy Surge,"If unit initiates combat, grants Atk+7, Def+10 to unit during combat, and also, if unit deals damage to foe using a Special, restores HP = X% of unit's max HP (X = unit's max Special cooldown count value x 20, +10; max 100). (Triggers even if 0 damage is dealt.) ",A,4,atkBlow,3.5,defBlow,5,surgeHeal,100,,,,,None,Ranged,,,
Remote Sturdy,"If unit initiates combat, grants Atk+7 and Def+10 to unit during combat and reduces damage from foe's first attack during combat by 30%.",A,4,atkBlow,3.5,defBlow,5,remoteReduce,30,,,,,None,Melee-Staff,,,
Mirror Strike 1,Grants Atk/Res +2 during combat if unit initiates combat.,A,2,atkBlow,1,resBlow,1,,,,,,,None,Staff,,,
Mirror Strike 2,Grants Atk/Res +4 during combat if unit initiates combat.,A,3,atkBlow,2,resBlow,2,,,,,,,None,Staff,,,
Mirror Impact,"If unit initiates combat, grants Atk+6, Res+10 during combat and foe cannot make a follow-up attack.",A,4,atkBlow,3,resBlow,5,impactDenial,0,,,,,Armor-Cav,Staff,,,
Remote Mirror,"If unit initiates combat, grants Atk+7 and Res+10 to unit during combat and reduces damage from foe's first attack during combat by 30%.",A,4,atkBlow,3.5,resBlow,5,remoteReduce,30,,,,,None,Melee-Staff,,,
Steady Blow 1,"If unit initiates combat, grants Spd/Def +2 during combat.",A,2,spdBlow,1,defBlow,1,,,,,,,None,Staff,,,
Steady Blow 2,"If unit initiates combat, grants Spd/Def +4 during combat.",A,3,spdBlow,2,defBlow,2,,,,,,,None,Staff,,,
Steady Impact,"If unit initiates combat, grants Spd +7, Def +10 during combat and foe cannot make a follow-up attack.",A,4,spdBlow,3.5,defBlow,5,impactDenial,0,,,,,Armor-Cav,Staff,,,
Swift Strike 1,"If unit initiates combat, grants Spd/Res +2 during combat.",A,2,spdBlow,1,resBlow,1,,,,,,,None,Staff,,,
Swift Strike 2,"If unit initiates combat, grants Spd/Res +4 during combat.",A,3,spdBlow,2,resBlow,2,,,,,,,None,Staff,,,
Swift Impact,"If unit initiates combat, grants Spd+7, Res+10 during combat and foe cannot make a follow-up attack.",A,4,spdBlow,3.5,resBlow,5,impactDenial,0,,,,,Armor-Cav,Staff,,,
Bracing Blow 1,Grants Def/Res +2 during combat if unit initiates combat.,A,2,defBlow,1,resBlow,1,,,,,,,None,Staff,,,
Bracing Blow 2,Grants Def/Res +4 during combat if unit initiates combat.,A,3,defBlow,2,resBlow,2,,,,,,,None,Staff,,,
Blade Session 1,"If unit initiates combat, grants bonus to unit's Atk/Spd during combat = 1 + number of allies who have already acted (max value of 3).",A,1,sessionBlow,1,,,,,,,,,None,None,,,
Blade Session 2,"If unit initiates combat, grants bonus to unit's Atk/Spd during combat = 2 + number of allies who have already acted × 2 (max value of 6).",A,2,sessionBlow,2,,,,,,,,,None,None,,,
Blade Session 3,"If unit initiates combat, grants bonus to unit’s Atk/Spd during combat = 3 + number of allies who have already acted × 3 (min value of 3).",A,3,sessionBlow,3,,,,,,,,,None,None,,,
Fierce Stance 1,"If foe initiates combat, grants Atk+2 during combat.",A,1,atkStance,1,,,,,,,,,None,Staff,,,
Fierce Stance 2,"If foe initiates combat, grants Atk+4 during combat.",A,2,atkStance,2,,,,,,,,,None,Staff,,,
Fierce Stance 3,"If foe initiates combat, grants Atk+6 during combat.",A,3,atkStance,3,,,,,,,,,None,Staff,,,
Darting Stance 1,"If foe initiates combat, grants Spd+2 during combat.",A,1,spdStance,1,,,,,,,,,None,Staff,,,
Darting Stance 2,"If foe initiates combat, grants Spd+4 during combat.",A,2,spdStance,2,,,,,,,,,None,Staff,,,
Darting Stance 3,"If foe initiates combat, grants Spd+6 during combat.",A,3,spdStance,3,,,,,,,,,None,Staff,,,
Steady Stance 1,Grants Def +2 during combat when this unit is attacked.,A,1,defStance,1,,,,,,,,,None,None,,,
Steady Stance 2,Grants Def +4 during combat when this unit is attacked.,A,2,defStance,2,,,,,,,,,None,None,,,
Steady Stance 3,Grants Def+6 during combat when this unit is attacked.,A,3,defStance,3,,,,,,,,,None,None,,,
Steady Stance 4,"If foe initiates combat, grants Def+8 during combat and inflicts special cooldown charge -1 on foe per attack. (Only highest value applied. Does not stack.)",A,4,defStance,4,stanceGuard,1,,,,,,,None,Staff,,,
Warding Stance 1,"If foe initiates combat, grants Res+2 during combat.",A,1,resStance,1,,,,,,,,,None,None,,,
Warding Stance 2,"If foe initiates combat, grants Res+4 during combat.",A,2,resStance,2,,,,,,,,,None,None,,,
Warding Stance 3,"If foe initiates combat, grants Res+6 during combat.",A,3,resStance,3,,,,,,,,,None,None,,,
Warding Stance 4,"If foe initiates combat, grants Res+8 during combat and inflicts Special cooldown charge -1 on foe per attack. (Only highest value applied. Does not stack.)",A,4,resStance,4,stanceGuard,1,,,,,,,None,Staff,,,
Kestral Stance 1,"If foe initiates combat, grants Atk/Spd +2 during combat.",A,2,atkStance,1,spdStance,1,,,,,,,None,None,,,
Kestral Stance 2,"If foe initiates combat, grants Atk/Spd +4 during combat.",A,3,atkStance,2,spdStance,2,,,,,,,None,None,,,
Kestral Stance 3,"If foe initiates combat, grants Atk/Spd +6 during combat and inflicts Special cooldown charge -1 on foe per attack. (Only highest value applied. Does not stack.)",A,4,atkStance,3,spdStance,3,stanceGuard,1,,,,,None,None,,,
Sturdy Stance 1,"If foe initiates combat, grants Atk/Def +2 during combat.",A,2,atkStance,1,defStance,1,,,,,,,None,None,,,
Sturdy Stance 2,"If foe initiates combat, grants Atk/Def +4 during combat.",A,3,atkStance,2,defStance,2,,,,,,,None,None,,,
Sturdy Stance 3,"If foe initiates combat, grants. Atk/Def +6 during combat and inflicts Special cooldown charge -1 on foe per attack. (Only highest value applied. Does not stack.)",A,4,atkStance,3,defStance,3,stanceGuard,1,,,,,None,None,,,
Mirror Stance 1,Grants Atk/Res +2 during combat if foe initiates combat.,A,2,atkStance,1,resStance,1,,,,,,,None,None,,,
Mirror Stance 2,Grants Atk/Res +4 during combat if foe initiates combat.,A,3,atkStance,2,resStance,2,,,,,,,None,None,,,
Mirror Stance 3,"If foe initiates combat, grants Atk/Res+6 during combat and inflicts Special cooldown charge -1 on foe per attack. (Only highest value applied. Does not stack.)",A,4,atkStance,3,resStance,3,stanceGuard,1,,,,,None,None,,,
Bracing Stance 1,"If foe initiates combat, grants Def/Res +2 during combat.",A,2,defStance,1,resStance,1,,,,,,,None,None,,,
Bracing Stance 2,"If foe initiates combat, grants Def/Res +4 during combat.",A,3,defStance,2,resStance,2,,,,,,,None,None,,,
Bracing Stance 3,"If foe initiates combat, grants Def/Res +6 during combat and inflicts Special cooldown charge -1 on foe per attack. (Only highest value applied. Does not stack).",A,4,defStance,3,resStance,3,stanceGuard,1,,,,,None,None,,,
Swift Stance 1,"If foe initiates combat, grants Spd/Res +2 during combat.",A,2,spdStance,1,resStance,1,,,,,,,None,None,,,
Swift Stance 2,"If foe initiates combat, grants Spd/Res +4 during combat.",A,3,spdStance,2,resStance,2,,,,,,,None,None,,,
Steady Posture 1,"If foe initiates combat, grants Spd/Def +2 during combat.",A,2,spdStance,1,defStance,1,,,,,,,None,None,,,
Steady Posture 2,"If foe initiates combat, grants Spd/Def +4 during combat.",A,3,spdStance,2,defStance,2,,,,,,,None,None,,,
Fierce Breath,"If foe initiates combat, grants Atk +4 during combat and Special cooldown charge +1 per attack. (Only highest value applies. Does not stack.)",A,3,atkStance,2,breathCharge,1,,,,,,,Cav-Fly,Ranged,,,
Darting Breath,"If foe initiates combat, grants Spd +4 during combat and Special cooldown charge +1 per attack. (Only highest value applied. Does not stack).",A,3,spdStance,2,breathCharge,2,,,,,,,Cav-Fly,Ranged,,,
Steady Breath,"If foe initiates combat, grants Def+4 during combat and Special cooldown charge +1 per attack. (Only highest value applied. Does not stack.)",A,3,defStance,2,breathCharge,3,,,,,,,Cav-Fly,Ranged,,,
Warding Breath,"If foe initiates combat, grants Res+4 during combat and Special cooldown charge +1 per attack. (Only highest value applied. Does not stack.)",A,3,resStance,2,breathCharge,4,,,,,,,Cav-Fly,Ranged,,,
Distant Def 1,"If foe initiates combat and uses bow, dagger, magic, or staff, grants Def/Res+2 during combat.",A,1,distDef,1,,,,,,,,,None,None,,,
Distant Def 2,"If foe initiates combat and uses bow, dagger, magic, or staff, grants Def/Res+4 during combat.",A,2,distDef,2,,,,,,,,,None,None,,,
Distant Def 3,"If foe initiates combat and uses bow, dagger, magic, or staff, grants Def/Res+6 during combat.",A,3,distDef,3,,,,,,,,,None,None,,,
Distant Def 4,"If foe initiates combat and uses bow, dagger, magic, or staff, grants Def/Res+8 and neutralizes foe's bonuses (from skills like Fortify, Rally, etc.) during combat. ",A,4,distDef,4,DDpenalty,1,,,,,,,None,None,,,
Close Def 1,"If foe initiates combat and uses sword, lance, axe, dragonstone, or beast damage, grants Def/Res+2 during combat.",A,1,closeDef,1,,,,,,,,,None,None,,,
Close Def 2,"If foe initiates combat and uses sword, lance, axe, dragonstone, or beast damage, grants Def/Res+4 during combat.",A,2,closeDef,2,,,,,,,,,None,None,,,
Close Def 3,"If foe initiates combat and uses sword, lance, axe, dragonstone, or beast damage, grants Def/Res+6 during combat.",A,3,closeDef,3,,,,,,,,,None,None,,,
Close Def 4,"If foe initiates combat and uses sword, lance, axe, dragonstone or beast damage, grants Def/Res+8 and neutralizes foe's bonuses (from skills like Fortify, Rally, etc.) during combat.",A,4,closeDef,4,CDpenalty,1,,,,,,,None,None,,,
Shield Session 1,"If foe initiates combat, grants bonus to unit's Def/Res during combat = 3 - number of foes who have already acted (min value of 1).",A,1,sessionStance,1,,,,,,,,,None,None,,,
Shield Session 2,"If foe initiates combat, grants bonus to unit's Def/Res during combat = 6 - number of foes who have already acted × 2 (min value of 2).",A,2,sessionStance,2,,,,,,,,,None,None,,,
Shield Session 3,"If foe initiates combat, grants bonus to unit’s Def/Res during combat = 9 - number of foes who have already acted × 3 (min value of 3).",A,3,sessionStance,3,,,,,,,,,None,None,,,
Atk/Spd Push 1,"At start of combat, if unit's HP = 100%, grants Atk/Spd+3, but if unit attacked, deals 1 damage to unit after combat.",A,1,ASPush,1,,,,,,,,,None,None,,,
Atk/Spd Push 2,"At start of combat, if unit's HP = 100%, grants Atk/Spd+4, but if unit attacked, deals 1 damage to unit after combat.",A,2,ASPush,2,,,,,,,,,None,None,,,
Atk/Spd Push 3,"At start of combat, if unit's HP = 100%, grants Atk/Spd+5, but if unit attacked, deals 1 damage to unit after combat.",A,3,ASPush,3,,,,,,,,,None,None,,,
Atk/Spd Push 4,"At start of combat, if unit's HP ≥ 25%, grants Atk/Spd+7, but after combat, if unit attacked, deals 5 damage to unit.",A,4,ASPush,4,,,,,,,,,None,None,,,
Atk/Def Push 1,"At start of combat, if unit's HP = 100%, grants Atk/Def+3, but if unit attacked, deals 1 damage to unit after combat.",A,1,ADPush,1,,,,,,,,,None,None,,,
Atk/Def Push 2,"At start of combat, if unit's HP = 100%, grants Atk/Def+4, but if unit attacked, deals 1 damage to unit after combat.",A,2,ADPush,2,,,,,,,,,None,None,,,
Atk/Def Push 3,"At start of combat, if unit's HP = 100%, grants Atk/Def+5, but if unit attacked, deals 1 damage to unit after combat.",A,3,ADPush,3,,,,,,,,,None,None,,,
Atk/Def Push 4,"At start of combat, if unit's HP ≥ 25%, grants Atk/Def+7, but if unit attacked, deals 5 damage to unit after combat.",A,4,ADPush,4,,,,,,,,,None,None,,,
Atk/Res Push 1,"At start of combat, if unit's HP = 100%, grants Atk/Res+3, but if unit attacked, deals 1 damage to unit after combat.",A,1,ARPush,1,,,,,,,,,None,None,,,
Atk/Res Push 2,"At start of combat, if unit's HP = 100%, grants Atk/Res+4, but if unit attacked, deals 1 damage to unit after combat.",A,2,ARPush,2,,,,,,,,,None,None,,,
Atk/Res Push 3,"At start of combat, if unit's HP = 100%, grants Atk/Res+5, but if unit attacked, deals 1 damage to unit after combat.",A,3,ARPush,3,,,,,,,,,None,None,,,
Atk/Res Push 4,"At start of combat, if unit's HP ≥ 25%, grants Atk/Res+7, but after combat, if unit attacked, deals 5 damage to unit.",A,4,ARPush,4,,,,,,,,,None,None,,,
Fire Boost 1,"At start of combat, if unit's HP ≥ foe's HP+3, grants Atk+2 during combat.",A,1,fireBoost,1,,,,,,,,,None,None,,,
Fire Boost 2,"At start of combat, if unit's HP ≥ foe's HP+3, grants Atk+4 during combat.",A,2,fireBoost,2,,,,,,,,,None,None,,,
Fire Boost 3,"At start of combat, if unit's HP ≥ foe's HP+3, grants Atk+6 during combat.",A,3,fireBoost,3,,,,,,,,,None,None,,,
Wind Boost 1,"At start of combat, if unit's HP ≥ foe's HP+3, grants Spd+2 during combat.",A,1,windBoost,1,,,,,,,,,None,None,,,
Wind Boost 2,"At start of combat, if unit's HP ≥ foe's HP+3, grants Spd+4 during combat.",A,2,windBoost,2,,,,,,,,,None,None,,,
Wind Boost 3,"At start of combat, if unit's HP ≥ foe's HP+3, grants Spd+6 during combat.",A,3,windBoost,3,,,,,,,,,None,None,,,
Earth Boost 1,"At start of combat, if unit's HP ≥ foe's HP+3, grants Def+2 during combat.",A,1,earthBoost,1,,,,,,,,,None,None,,,
Earth Boost 2,"At start of combat, if unit's HP ≥ foe's HP+3, grants Def+4 during combat.",A,2,earthBoost,2,,,,,,,,,None,None,,,
Earth Boost 3,"At start of combat, if unit's HP ≥ foe's HP+3, grants Def+6 during combat.",A,3,earthBoost,3,,,,,,,,,None,None,,,
Water Boost 1,"At start of combat, if unit's HP ≥ foe's HP+3, grants Res+2 during combat.",A,1,waterBoost,1,,,,,,,,,None,None,,,
Water Boost 2,"At start of combat, if unit's HP ≥ foe's HP+3, grants Res+4 during combat.",A,2,waterBoost,2,,,,,,,,,None,None,,,
Water Boost 3,"At start of combat, if unit's HP ≥ foe's HP+3, grants Res+6 during combat.",A,3,waterBoost,3,,,,,,,,,None,None,,,
Fireflood Boost 3,"Grants HP+5. At start of combat, if unit's HP ≥ 50%, grants Atk/Res+7 to unit during combat, and also, if unit is within 2 spaces of an ally with HP ≥ 50%, inflicts Special cooldown charge -1 on foe per attack during combat (only highest value applied; does not stack). ",A,4,HPBoost,5,firefloodBoost,3,,,,,,,None,None,,,
Atk/Spd Bond 1,,A,1,atkBond,3,spdBond,3,,,,,,,None,None,,,
Atk/Spd Bond 2,,A,2,atkBond,4,spdBond,4,,,,,,,None,None,,,
Atk/Spd Bond 3,,A,3,atkBond,5,spdBond,5,,,,,,,None,None,,,
Atk/Spd Bond 4,,A,4,atkBond,7,spdBond,7,ABPenalty,0,SBPenalty,0,,,None,None,,,
Atk/Def Bond 1,,A,1,atkBond,3,spdBond,3,,,,,,,None,None,,,
Atk/Def Bond 2,,A,2,atkBond,4,spdBond,4,,,,,,,None,None,,,
Atk/Def Bond 3,,A,3,atkBond,5,spdBond,5,,,,,,,None,None,,,
Atk/Def Bond 4,,A,4,atkBond,7,spdBond,7,ABPenalty,0,ADPenalty,0,,,None,None,,,
Atk/Res Bond 1,,A,1,atkBond,3,spdBond,3,,,,,,,None,None,,,
Atk/Res Bond 2,,A,2,atkBond,4,spdBond,4,,,,,,,None,None,,,
Atk/Res Bond 3,,A,3,atkBond,5,spdBond,5,,,,,,,None,None,,,
Atk/Res Bond 4,,A,4,atkBond,7,spdBond,7,ABPenalty,0,ARPenalty,0,,,None,None,,,
Spd/Def Bond 1,,A,1,atkBond,3,spdBond,3,,,,,,,None,None,,,
Spd/Def Bond 2,,A,2,atkBond,4,spdBond,4,,,,,,,None,None,,,
Spd/Def Bond 3,,A,3,atkBond,5,spdBond,5,,,,,,,None,None,,,
Spd/Def Bond 4,,A,4,atkBond,7,spdBond,7,SBPenalty,0,ADPenalty,0,,,None,None,,,
Spd/Res Bond 1,,A,1,atkBond,3,spdBond,3,,,,,,,None,None,,,
Spd/Res Bond 2,,A,2,atkBond,4,spdBond,4,,,,,,,None,None,,,
Spd/Res Bond 3,,A,3,atkBond,5,spdBond,5,,,,,,,None,None,,,
Spd/Res Bond 4,,A,4,atkBond,7,spdBond,7,SBPenalty,0,ARPenalty,0,,,None,None,,,
Def/Res Bond 1,,A,1,atkBond,3,spdBond,3,,,,,,,None,None,,,
Def/Res Bond 2,,A,2,atkBond,4,spdBond,4,,,,,,,None,None,,,
Def/Res Bond 3,,A,3,atkBond,5,spdBond,5,,,,,,,None,None,,,
Def/Res Bond 4,,A,4,atkBond,7,spdBond,7,ADPenalty,0,ARPenalty,0,,,None,None,,,
Atk/Spd Unity,,A,4,unityAtkSpd,5,invertAtkPenalties,0,invertSpdPenalties,0,,,,,None,None,,,
Atk/Def Unity,,A,4,unityAtkDef,5,invertAtkPenalties,0,invertDefPenalties,0,,,,,None,None,,,
Atk/Res Unity,,A,4,unityAtkRes,5,invertAtkPenalties,0,invertResPenalties,0,,,,,None,None,,,
Def/Res Unity,,A,4,unityDefRes,5,invertDefPenalties,0,invertResPenalties,0,,,,,None,None,,,
Atk/Spd Solo 1,,A,1,atkSolo,2,spdSolo,2,,,,,,,None,None,,,
Atk/Spd Solo 2,,A,2,atkSolo,4,spdSolo,4,,,,,,,None,None,,,
Atk/Spd Solo 3,,A,3,atkSolo,6,spdSolo,6,,,,,,,None,None,,,
Atk/Spd Solo 4,,A,4,atkSolo,7,spdSolo,7,,,,,,,None,None,,,
Atk/Def Solo 1,,A,1,atkSolo,2,defSolo,2,,,,,,,None,None,,,
Atk/Def Solo 2,,A,2,atkSolo,4,defSolo,4,,,,,,,None,None,,,
Atk/Def Solo 3,,A,3,atkSolo,6,defSolo,6,,,,,,,None,None,,,
Atk/Def Solo 4,,A,4,atkSolo,7,defSolo,7,,,,,,,None,None,,,
Atk/Res Solo 1,,A,1,atkSolo,2,resSolo,2,,,,,,,None,None,,,
Atk/Res Solo 2,,A,2,atkSolo,4,resSolo,4,,,,,,,None,None,,,
Atk/Res Solo 3,,A,3,atkSolo,6,resSolo,6,,,,,,,None,None,,,
Atk/Res Solo 4,,A,4,atkSolo,7,resSolo,7,,,,,,,None,None,,,
Spd/Def Solo 1,,A,1,spdSolo,2,defSolo,2,,,,,,,None,None,,,
Spd/Def Solo 2,,A,2,spdSolo,4,defSolo,4,,,,,,,None,None,,,
Spd/Def Solo 3,,A,3,spdSolo,6,defSolo,6,,,,,,,None,None,,,
Spd/Def Solo 4,,A,4,spdSolo,7,defSolo,7,,,,,,,None,None,,,
Spd/Res Solo 1,,A,1,spdSolo,2,resSolo,2,,,,,,,None,None,,,
Spd/Res Solo 2,,A,2,spdSolo,4,resSolo,4,,,,,,,None,None,,,
Spd/Res Solo 3,,A,3,spdSolo,6,resSolo,6,,,,,,,None,None,,,
Spd/Res Solo 4,,A,4,spdSolo,7,resSolo,7,,,,,,,None,None,,,
Def/Res Solo 1,,A,1,defSolo,2,resSolo,2,,,,,,,None,None,,,
Def/Res Solo 2,,A,2,defSolo,4,resSolo,4,,,,,,,None,None,,,
Def/Res Solo 3,,A,3,defSolo,6,resSolo,6,,,,,,,None,None,,,
Def/Res Solo 4,,A,4,defSolo,7,resSolo,7,,,,,,,None,None,,,
Atk/Spd Form 1,"If unit is within 2 spaces of an ally, grants Atk/Spd+X to unit during combat (X = number of allies within 2 spaces; max 3).",A,1,atkForm,1,spdForm,1,,,,,,,None,None,,,
Atk/Spd Form 2,"If unit is within 2 spaces of an ally, grants Atk/Spd+X to unit during combat (X = number of allies within 2 spaces + 2; max 5).",A,2,atkForm,2,spdForm,2,,,,,,,None,None,,,
Atk/Spd Form 3,"If unit is within 2 spaces of an ally, grants Atk/Spd+X to unit during combat (X = 2 × number of allies within 2 spaces, + 1; max 7).",A,3,atkForm,3,spdForm,3,,,,,,,None,None,,,
Atk/Def Form 1,,A,1,atkForm,1,defForm,1,,,,,,,None,None,,,
Atk/Def Form 2,,A,2,atkForm,2,defForm,2,,,,,,,None,None,,,
Atk/Def Form 3,,A,3,atkForm,3,defForm,3,,,,,,,None,None,,,
Atk/Res Form 1,,A,1,atkForm,1,resForm,1,,,,,,,None,None,,,
Atk/Res Form 2,,A,2,atkForm,2,resForm,2,,,,,,,None,None,,,
Atk/Res Form 3,,A,3,atkForm,3,resForm,3,,,,,,,None,None,,,
Spd/Def Form 1,,A,1,spdForm,1,defForm,1,,,,,,,None,None,,,
Spd/Def Form 2,,A,2,spdForm,2,defForm,2,,,,,,,None,None,,,
Spd/Def Form 3,,A,3,spdForm,3,defForm,3,,,,,,,None,None,,,
Spd/Res Form 1,,A,1,spdForm,1,resForm,1,,,,,,,None,None,,,
Spd/Res Form 2,,A,2,spdForm,2,resForm,2,,,,,,,None,None,,,
Spd/Res Form 3,,A,3,spdForm,3,resForm,3,,,,,,,None,None,,,
Def/Res Form 1,,A,1,defForm,1,resForm,1,,,,,,,None,None,,,
Def/Res Form 2,,A,2,defForm,2,resForm,2,,,,,,,None,None,,,
Def/Res Form 3,,A,3,defForm,3,resForm,3,,,,,,,None,None,,,
Atk/Spd Catch 1,,A,1,,,,,,,,,,,Inf-Armor,None,,,
Atk/Spd Catch 2,,A,2,,,,,,,,,,,Inf-Armor,None,,,
Atk/Spd Catch 3,,A,3,,,,,,,,,,,Inf-Armor,None,,,
Atk/Spd Catch 4,,A,4,,,,,,,,,,,Inf-Armor,None,,,
Atk/Def Catch 1,,A,1,,,,,,,,,,,Inf-Armor,None,,,
Atk/Def Catch 2,,A,2,,,,,,,,,,,Inf-Armor,None,,,
Atk/Def Catch 3,,A,3,,,,,,,,,,,Inf-Armor,None,,,
Atk/Def Catch 4,,A,4,,,,,,,,,,,Inf-Armor,None,,,
Atk/Res Catch 1,,A,1,,,,,,,,,,,Inf-Armor,None,,,
Atk/Res Catch 2,,A,2,,,,,,,,,,,Inf-Armor,None,,,
Atk/Res Catch 3,,A,3,,,,,,,,,,,Inf-Armor,None,,,
Atk/Res Catch 4,,A,4,,,,,,,,,,,Inf-Armor,None,,,
Spd/Def Catch 1,,A,1,,,,,,,,,,,Inf-Armor,None,,,
Spd/Def Catch 2,,A,2,,,,,,,,,,,Inf-Armor,None,,,
Spd/Def Catch 3,,A,3,,,,,,,,,,,Inf-Armor,None,,,
Spd/Def Catch 4,,A,4,,,,,,,,,,,Inf-Armor,None,,,
Spd/Res Catch 1,,A,1,,,,,,,,,,,Inf-Armor,None,,,
Spd/Res Catch 2,,A,2,,,,,,,,,,,Inf-Armor,None,,,
Spd/Res Catch 3,,A,3,,,,,,,,,,,Inf-Armor,None,,,
Spd/Res Catch 4,,A,4,,,,,,,,,,,Inf-Armor,None,,,
Def/Res Catch 1,,A,1,,,,,,,,,,,Inf-Armor,None,,,
Def/Res Catch 2,,A,2,,,,,,,,,,,Inf-Armor,None,,,
Def/Res Catch 3,,A,3,,,,,,,,,,,Inf-Armor,None,,,
Def/Res Catch 4,,A,4,,,,,,,,,,,Inf-Armor,None,,,
Atk/Spd Ideal 1,,A,1,,,,,,,,,,,Cav-Fly,None,,,
Atk/Spd Ideal 2,,A,2,,,,,,,,,,,Cav-Fly,None,,,
Atk/Spd Ideal 3,,A,3,,,,,,,,,,,Cav-Fly,None,,,
Atk/Spd Ideal 4,,A,4,,,,,,,,,,,Cav-Fly,None,,,
Atk/Def Ideal 1,,A,1,,,,,,,,,,,Cav-Fly,None,,,
Atk/Def Ideal 2,,A,2,,,,,,,,,,,Cav-Fly,None,,,
Atk/Def Ideal 3,,A,3,,,,,,,,,,,Cav-Fly,None,,,
Atk/Def Ideal 4,,A,4,,,,,,,,,,,Cav-Fly,None,,,
Atk/Res Ideal 1,,A,1,,,,,,,,,,,Cav-Fly,None,,,
Atk/Res Ideal 2,,A,2,,,,,,,,,,,Cav-Fly,None,,,
Atk/Res Ideal 3,,A,3,,,,,,,,,,,Cav-Fly,None,,,
Atk/Res Ideal 4,,A,4,,,,,,,,,,,Cav-Fly,None,,,
Spd/Def Ideal 1,,A,1,,,,,,,,,,,Cav-Fly,None,,,
Spd/Def Ideal 2,,A,2,,,,,,,,,,,Cav-Fly,None,,,
Spd/Def Ideal 3,,A,3,,,,,,,,,,,Cav-Fly,None,,,
Spd/Def Ideal 4,,A,4,,,,,,,,,,,Cav-Fly,None,,,
Spd/Res Ideal 1,,A,1,,,,,,,,,,,Cav-Fly,None,,,
Spd/Res Ideal 2,,A,2,,,,,,,,,,,Cav-Fly,None,,,
Spd/Res Ideal 3,,A,3,,,,,,,,,,,Cav-Fly,None,,,
Spd/Res Ideal 4,,A,4,,,,,,,,,,,Cav-Fly,None,,,
Def/Res Ideal 1,,A,1,,,,,,,,,,,Cav-Fly,None,,,
Def/Res Ideal 2,,A,2,,,,,,,,,,,Cav-Fly,None,,,
Def/Res Ideal 3,,A,3,,,,,,,,,,,Cav-Fly,None,,,
Def/Res Ideal 4,,A,4,,,,,,,,,,,Cav-Fly,None,,,
Atk/Spd Clash 1,,A,1,,,,,,,,,,,Armor,Ranged,,,
Atk/Spd Clash 2,,A,2,,,,,,,,,,,Armor,Ranged,,,
Atk/Spd Clash 3,,A,3,,,,,,,,,,,Armor,Ranged,,,
Atk/Spd Clash 4,,A,4,,,,,,,,,,,Armor,Ranged,,,
Atk/Def Clash 1,,A,1,,,,,,,,,,,Armor,Ranged,,,
Atk/Def Clash 2,,A,2,,,,,,,,,,,Armor,Ranged,,,
Atk/Def Clash 3,,A,3,,,,,,,,,,,Armor,Ranged,,,
Atk/Def Clash 4,,A,4,,,,,,,,,,,Armor,Ranged,,,
Spd/Def Clash 1,,A,1,,,,,,,,,,,Armor,Ranged,,,
Spd/Def Clash 2,,A,2,,,,,,,,,,,Armor,Ranged,,,
Spd/Def Clash 3,,A,3,,,,,,,,,,,Armor,Ranged,,,
Spd/Def Clash 4,,A,4,,,,,,,,,,,Armor,Ranged,,,
Atk/Spd Finish 1,,A,1,,,,,,,,,,,Armor-Cav-Fly,None,,,
Atk/Spd Finish 2,,A,2,,,,,,,,,,,Armor-Cav-Fly,None,,,
Atk/Spd Finish 3,,A,3,,,,,,,,,,,Armor-Cav-Fly,None,,,
Atk/Spd Finish 4,,A,4,,,,,,,,,,,Armor-Cav-Fly,None,,,
Atk/Def Finish 1,,A,1,,,,,,,,,,,Armor-Cav-Fly,None,,,
Atk/Def Finish 2,,A,2,,,,,,,,,,,Armor-Cav-Fly,None,,,
Atk/Def Finish 3,,A,3,,,,,,,,,,,Armor-Cav-Fly,None,,,
Atk/Def Finish 4,,A,4,,,,,,,,,,,Armor-Cav-Fly,None,,,
Atk/Res Finish 1,,A,1,,,,,,,,,,,Armor-Cav-Fly,None,,,
Atk/Res Finish 2,,A,2,,,,,,,,,,,Armor-Cav-Fly,None,,,
Atk/Res Finish 3,,A,3,,,,,,,,,,,Armor-Cav-Fly,None,,,
Atk/Res Finish 4,,A,4,,,,,,,,,,,Armor-Cav-Fly,None,,,
Spd/Res Finish 1,,A,1,,,,,,,,,,,Armor-Cav-Fly,None,,,
Spd/Res Finish 2,,A,2,,,,,,,,,,,Armor-Cav-Fly,None,,,
Spd/Res Finish 3,,A,3,,,,,,,,,,,Armor-Cav-Fly,None,,,
Spd/Res Finish 4,,A,4,,,,,,,,,,,Armor-Cav-Fly,None,,,
Def/Res Finish 1,,A,1,,,,,,,,,,,Armor-Cav-Fly,None,,,
Def/Res Finish 2,,A,2,,,,,,,,,,,Armor-Cav-Fly,None,,,
Def/Res Finish 3,,A,3,,,,,,,,,,,Armor-Cav-Fly,None,,,
Def/Res Finish 4,,A,4,,,,,,,,,,,Armor-Cav-Fly,None,,,
Atk/Res Scowl 1,,A,1,,,,,,,,,,,None,NotDragon,,,
Atk/Res Scowl 2,,A,2,,,,,,,,,,,None,NotDragon,,,
Atk/Res Scowl 3,,A,3,,,,,,,,,,,None,NotDragon,,,
Atk/Res Scowl 4,,A,4,,,,,,,,,,,None,NotDragon,,,
Defiant Atk 1,,A,1,,,,,,,,,,,None,None,,,
Defiant Atk 2,,A,2,,,,,,,,,,,None,None,,,
Defiant Atk 3,,A,3,,,,,,,,,,,None,None,,,
Defiant Spd 1,,A,1,,,,,,,,,,,None,None,,,
Defiant Spd 2,,A,2,,,,,,,,,,,None,None,,,
Defiant Spd 3,,A,3,,,,,,,,,,,None,None,,,
Defiant Def 1,,A,1,,,,,,,,,,,None,None,,,
Defiant Def 2,,A,2,,,,,,,,,,,None,None,,,
Defiant Def 3,,A,3,,,,,,,,,,,None,None,,,
Defiant Res 1,,A,1,,,,,,,,,,,None,None,,,
Defiant Res 2,,A,2,,,,,,,,,,,None,None,,,
Defiant Res 3,,A,3,,,,,,,,,,,None,None,,,
Brazen Atk/Spd 1,,A,1,,,,,,,,,,,None,None,,,
Brazen Atk/Spd 2,,A,2,,,,,,,,,,,None,None,,,
Brazen Atk/Spd 3,,A,3,,,,,,,,,,,None,None,,,
Brazen Atk/Spd 4,,A,4,,,,,,,,,,,None,None,,,
Brazen Atk/Def 1,,A,1,,,,,,,,,,,None,None,,,
Brazen Atk/Def 2,,A,2,,,,,,,,,,,None,None,,,
Brazen Atk/Def 3,,A,3,,,,,,,,,,,None,None,,,
Brazen Atk/Res 1,,A,1,,,,,,,,,,,None,None,,,
Brazen Atk/Res 2,,A,2,,,,,,,,,,,None,None,,,
Brazen Atk/Res 3,,A,3,,,,,,,,,,,None,None,,,
Brazen Spd/Def 1,,A,1,,,,,,,,,,,None,None,,,
Brazen Spd/Def 2,,A,2,,,,,,,,,,,None,None,,,
Brazen Spd/Def 3,,A,3,,,,,,,,,,,None,None,,,
Brazen Spd/Res 1,,A,1,,,,,,,,,,,None,None,,,
Brazen Spd/Res 2,,A,2,,,,,,,,,,,None,None,,,
Brazen Spd/Res 3,,A,3,,,,,,,,,,,None,None,,,
Brazen Def/Res 1,,A,1,,,,,,,,,,,None,None,,,
Brazen Def/Res 2,,A,2,,,,,,,,,,,None,None,,,
Brazen Def/Res 3,,A,3,,,,,,,,,,,None,None,,,
AR-D Atk/Spd 1,,A,1,,,,,,,,,,,None,None,,,
AR-D Atk/Spd 2,,A,2,,,,,,,,,,,None,None,,,
AR-D Atk/Spd 3,,A,3,,,,,,,,,,,None,None,,,
AR-D Atk/Spd 4,,A,4,,,,,,,,,,,None,None,,,
AR-D Atk/Def 1,,A,1,,,,,,,,,,,None,None,,,
AR-D Atk/Def 2,,A,2,,,,,,,,,,,None,None,,,
AR-D Atk/Def 3,,A,3,,,,,,,,,,,None,None,,,
AR-D Atk/Res 1,,A,1,,,,,,,,,,,None,None,,,
AR-D Atk/Res 2,,A,2,,,,,,,,,,,None,None,,,
AR-D Atk/Res 3,,A,3,,,,,,,,,,,None,None,,,
AR-D Spd/Def 1,,A,1,,,,,,,,,,,None,None,,,
AR-D Spd/Def 2,,A,2,,,,,,,,,,,None,None,,,
AR-D Spd/Def 3,,A,3,,,,,,,,,,,None,None,,,
AR-D Spd/Res 1,,A,1,,,,,,,,,,,None,None,,,
AR-D Spd/Res 2,,A,2,,,,,,,,,,,None,None,,,
AR-D Spd/Res 3,,A,3,,,,,,,,,,,None,None,,,
AR-D Def/Res 1,,A,1,,,,,,,,,,,None,None,,,
AR-D Def/Res 2,,A,2,,,,,,,,,,,None,None,,,
AR-D Def/Res 3,,A,3,,,,,,,,,,,None,None,,,
AR-D Def/Res 4,,A,4,,,,,,,,,,,None,None,,,
AR-O Atk/Spd 1,,A,1,,,,,,,,,,,None,None,,,
AR-O Atk/Spd 2,,A,2,,,,,,,,,,,None,None,,,
AR-O Atk/Spd 3,,A,3,,,,,,,,,,,None,None,,,
AR-O Atk/Def 1,,A,1,,,,,,,,,,,None,None,,,
AR-O Atk/Def 2,,A,2,,,,,,,,,,,None,None,,,
AR-O Atk/Def 3,,A,3,,,,,,,,,,,None,None,,,
AR-O Atk/Res 1,,A,1,,,,,,,,,,,None,None,,,
AR-O Atk/Res 2,,A,2,,,,,,,,,,,None,None,,,
AR-O Atk/Res 3,,A,3,,,,,,,,,,,None,None,,,
Svalinn Shield,,A,1,,,,,,,,,,,Inf-Cav-Fly,None,,,
Grani's Shield,,A,1,,,,,,,,,,,Inf-Arm-Fly,None,,,
Iote's Shield,,A,1,,,,,,,,,,,Inf-Armor-Cav,None,,,
Triangle Adept 1,,A,1,,,,,,,,,,,None,Colorless,,,
Triangle Adept 2,,A,2,,,,,,,,,,,None,Colorless,,,
Triangle Adept 3,,A,3,,,,,,,,,,,None,Colorless,,,
Heavy Blade 1,,A,1,,,,,,,,,,,None,Staff,,,
Heavy Blade 2,,A,2,,,,,,,,,,,None,Staff,,,
Heavy Blade 3,,A,3,,,,,,,,,,,None,Staff,,,
Heavy Blade 4,,A,4,,,,,,,,,,,None,Staff,,,
Flashing Blade 1,,A,1,,,,,,,,,,,Cav-Fly,Staff,,,
Flashing Blade 2,,A,2,,,,,,,,,,,Cav-Fly,Staff,,,
Flashing Blade 3,,A,3,,,,,,,,,,,Cav-Fly,Staff,,,
Flashing Blade 4,,A,4,,,,,,,,,,,Cav-Fly,Staff,,,
Flash Sparrow,,A,4,,,,,,,,,,,Cav-Fly,Staff,,,
Bonus Doubler 1,,A,1,,,,,,,,,,,Arm-Cav-Fly,None,,,
Bonus Doubler 2,,A,2,,,,,,,,,,,Arm-Cav-Fly,None,,,
Bonus Doubler 3,,A,3,,,,,,,,,,,Arm-Cav-Fly,None,,,
Sorcery Blade 1,,A,1,,,,,,,,,,,Arm-Cav-Fly,Magic-Dragon-Beast-Staff,,,
Sorcery Blade 2,,A,2,,,,,,,,,,,Arm-Cav-Fly,Magic-Dragon-Beast-Staff,,,
Sorcery Blade 3,,A,3,,,,,,,,,,,Arm-Cav-Fly,Magic-Dragon-Beast-Staff,,,
Atk/Spd Hexblade,,A,4,,,,,,,,,,,Arm-Cav-Fly,Magic-Dragon-Beast-Staff,,,
Close Counter,,A,1,cCounter,0,,,,,,,,,None,Melee,,,
Distant Counter,,A,1,dCounter,0,,,,,,,,,None,Ranged,,,
Close Foil,,A,1,,,,,,,,,,,None,Melee,,,
Distant Foil,,A,1,,,,,,,,,,,None,Ranged,,,
Close Ward,,A,1,,,,,,,,,,,None,Melee,,,
Distant Ward,,A,1,,,,,,,,,,,None,Ranged,,,
Distant Ferocity,,A,2,dCounter,0,atkStance,2.5,,,,,,,None,Ranged,,,
Distant Dart,,A,2,dCounter,0,spdStance,2.5,,,,,,,None,Ranged,,,
Distant Reversal,,A,2,dCounter,0,defStance,2.5,,,,,,,None,Ranged,,,
Distant Stance,,A,2,dCounter,0,resStance,2.5,,,,,,,None,Ranged,,,
Close Reversal,,A,2,cCounter,0,atkStance,2.5,,,,,,,None,Melee,,,
Distant Storm,,A,2,dCounter,0,hahaAtk,5,ow,5,,,,,None,Ranged,,,
Distant Pressure,,A,2,dCounter,0,hahaSpd,5,ow,5,,,,,None,Ranged,,,
Close Salvo,,A,2,cCounter,0,hahaAtk,5,ow,5,,,,,None,Melee,,,
Distant A/S Solo,,A,2,dCounter,0,atkSolo,5,spdSolo,5,,,,,None,Ranged,,,
R Duel Infantry 1,,A,1,HPBoost,3,,,,,,,,,Armor-Cav-Fly,Blue-Green-Colorless,,,
R Duel Infantry 2,,A,2,HPBoost,4,,,,,,,,,Armor-Cav-Fly,Blue-Green-Colorless,,,
R Duel Infantry 3,,A,3,HPBoost,5,,,,,,,,,Armor-Cav-Fly,Blue-Green-Colorless,,,
R Duel Infantry 4,,A,4,HPBoost,5,spectrumBoost,2,,,,,,,Armor-Cav-Fly,Blue-Green-Colorless,,,
R Duel Cavalry 1,,A,1,HPBoost,3,,,,,,,,,Inf-Armor-Fly,Blue-Green-Colorless,,,
R Duel Cavalry 2,,A,2,HPBoost,4,,,,,,,,,Inf-Armor-Fly,Blue-Green-Colorless,,,
R Duel Cavalry 3,,A,3,HPBoost,5,,,,,,,,,Inf-Armor-Fly,Blue-Green-Colorless,,,
R Duel Cavalry 4,,A,4,HPBoost,5,spectrumBoost,2,,,,,,,Inf-Armor-Fly,Blue-Green-Colorless,,,
R Duel Flying 1,,A,1,HPBoost,3,,,,,,,,,Inf-Armor-Cav,Blue-Green-Colorless,,,
R Duel Flying 2,,A,2,HPBoost,4,,,,,,,,,Inf-Armor-Cav,Blue-Green-Colorless,,,
R Duel Flying 3,,A,3,HPBoost,5,,,,,,,,,Inf-Armor-Cav,Blue-Green-Colorless,,,
R Duel Flying 4,,A,4,HPBoost,5,spectrumBoost,2,,,,,,,Inf-Armor-Cav,Blue-Green-Colorless,,,
B Duel Infantry 1,,A,1,HPBoost,3,,,,,,,,,Armor-Cav-Fly,Red-Green-Colorless,,,
B Duel Infantry 2,,A,2,HPBoost,4,,,,,,,,,Armor-Cav-Fly,Red-Green-Colorless,,,
B Duel Infantry 3,,A,3,HPBoost,5,,,,,,,,,Armor-Cav-Fly,Red-Green-Colorless,,,
B Duel Infantry 4,,A,4,HPBoost,5,spectrumBoost,2,,,,,,,Armor-Cav-Fly,Red-Green-Colorless,,,
B Duel Cavalry 1 ,,A,1,HPBoost,3,,,,,,,,,Inf-Armor-Fly,Red-Green-Colorless,,,
B Duel Cavalry 2,,A,2,HPBoost,4,,,,,,,,,Inf-Armor-Fly,Red-Green-Colorless,,,
B Duel Cavalry 3,,A,3,HPBoost,5,,,,,,,,,Inf-Armor-Fly,Red-Green-Colorless,,,
B Duel Cavalry 4,,A,4,HPBoost,5,spectrumBoost,2,,,,,,,Inf-Armor-Fly,Red-Green-Colorless,,,
B Duel Flying 1,,A,1,HPBoost,3,,,,,,,,,Inf-Armor-Cav,Red-Green-Colorless,,,
B Duel Flying 2,,A,2,HPBoost,4,,,,,,,,,Inf-Armor-Cav,Red-Green-Colorless,,,
B Duel Flying 3,,A,3,HPBoost,5,,,,,,,,,Inf-Armor-Cav,Red-Green-Colorless,,,
B Duel Flying 4,,A,4,HPBoost,5,spectrumBoost,2,,,,,,,Inf-Armor-Cav,Red-Green-Colorless,,,
G Duel Infantry 1,,A,1,HPBoost,3,,,,,,,,,Armor-Cav-Fly,Red-Blue-Colorless,,,
G Duel Infantry 2,,A,2,HPBoost,4,,,,,,,,,Armor-Cav-Fly,Red-Blue-Colorless,,,
G Duel Infantry 3,,A,3,HPBoost,5,,,,,,,,,Armor-Cav-Fly,Red-Blue-Colorless,,,
G Duel Infantry 4,,A,4,HPBoost,5,spectrumBoost,2,,,,,,,Armor-Cav-Fly,Red-Blue-Colorless,,,
G Duel Cavalry 1 ,,A,1,HPBoost,3,,,,,,,,,Inf-Armor-Fly,Red-Blue-Colorless,,,
G Duel Cavalry 2,,A,2,HPBoost,4,,,,,,,,,Inf-Armor-Fly,Red-Blue-Colorless,,,
G Duel Cavalry 3,,A,3,HPBoost,5,,,,,,,,,Inf-Armor-Fly,Red-Blue-Colorless,,,
G Duel Cavalry 4,,A,4,HPBoost,5,spectrumBoost,2,,,,,,,Inf-Armor-Fly,Red-Blue-Colorless,,,
G Duel Flying 1,,A,1,HPBoost,3,,,,,,,,,Inf-Armor-Cav,Red-Blue-Colorless,,,
G Duel Flying 2,,A,2,HPBoost,4,,,,,,,,,Inf-Armor-Cav,Red-Blue-Colorless,,,
G Duel Flying 3,,A,3,HPBoost,5,,,,,,,,,Inf-Armor-Cav,Red-Blue-Colorless,,,
G Duel Flying 4,,A,4,HPBoost,5,spectrumBoost,2,,,,,,,Inf-Armor-Cav,Red-Blue-Colorless,,,
C Duel Infantry 1,,A,1,HPBoost,3,,,,,,,,,Armor-Cav-Fly,Red-Blue-Green,,,
C Duel Infantry 2,,A,2,HPBoost,4,,,,,,,,,Armor-Cav-Fly,Red-Blue-Green,,,
C Duel Infantry 3,,A,3,HPBoost,5,,,,,,,,,Armor-Cav-Fly,Red-Blue-Green,,,
C Duel Infantry 4,,A,4,HPBoost,5,spectrumBoost,2,,,,,,,Armor-Cav-Fly,Red-Blue-Green,,,
C Duel Cavalry 1 ,,A,1,HPBoost,3,,,,,,,,,Inf-Armor-Fly,Red-Blue-Green,,,
C Duel Cavalry 2,,A,2,HPBoost,4,,,,,,,,,Inf-Armor-Fly,Red-Blue-Green,,,
C Duel Cavalry 3,,A,3,HPBoost,5,,,,,,,,,Inf-Armor-Fly,Red-Blue-Green,,,
C Duel Cavalry 4,,A,4,HPBoost,5,spectrumBoost,2,,,,,,,Inf-Armor-Fly,Red-Blue-Green,,,
C Duel Flying 1,,A,1,HPBoost,3,,,,,,,,,Inf-Armor-Cav,Red-Blue-Green,,,
C Duel Flying 2,,A,2,HPBoost,4,,,,,,,,,Inf-Armor-Cav,Red-Blue-Green,,,
C Duel Flying 3,,A,3,HPBoost,5,,,,,,,,,Inf-Armor-Cav,Red-Blue-Green,,,
C Duel Flying 4,,A,4,HPBoost,5,spectrumBoost,2,,,,,,,Inf-Armor-Cav,Red-Blue-Green,,,
Dragonskin,,A,1,,,,,,,,,,,None,None,F!Grima,,
Dragonskin II,,A,2,,,,,,,,,,,None,None,F!Grima,,
Laws of Sacae,,A,1,,,,,,,,,,,None,None,L!Lyn,,
Laws of Sacae II,,A,2,,,,,,,,,,,None,None,L!Lyn,,
Ostian Counter,,A,1,,,,,,,,,,,None,None,B!Hector,,
Ostian Counter II,,A,2,,,,,,,,,,,None,None,B!Hector,,
Verdict of Sacae,,A,1,,,,,,,,,,,None,None,FF!Lyn,,
Scendscale,,A,1,,,,,,,,,,,None,None,B!Alm,,
Dragonhide,,A,1,,,,,,,,,,,None,None,R!F!Grima,,
Ashera's Chosen,,A,1,,,,,,,,,,,None,None,Altina,,
Ashera's Chosen+,,A,2,,,,,,,,,,,None,None,Altina,,
Duality,,A,1,,,,,,,,,,,None,None,Arval,,
Dragoon Shield,,A,1,,,,,,,,,,,None,None,CH!Minerva,,
Swift Slice,,A,1,,,,,,,,,,,None,None,L!F!Shez,SU!F!Shez,
Dragonscale,,A,1,,,,,,,,,,,None,None,H!F!Grima,,
Self-Improver,,A,1,,,,,,,,,,,None,None,Alfred,,
Nightmare,,A,1,,,,,,,,,,,None,None,Fomortiis,,
Gift of Magic,,A,1,,,,,,,,,,,None,None,Gotoh,,
Part of the Plan,,A,1,,,,,,,,,,,None,None,L!M!Robin,,
Ostia's Heart,,A,1,,,,,,,,,,,None,None,CH!Hector,,
Knightly Devotion,,A,1,,,,,,,,,,,None,None,R!Ingrid,,
Power of Nihility,,A,1,,,,,,,,,,,None,None,Eitr,,
Mastermind,,A,1,,,,,,,,,,,None,None,T!Lysithea,,
Realms United,,A,1,,,,,,,,,,,None,None,B!F!Corrin,,
Rare Talent,,A,1,,,,,,,,,,,None,None,B!Soren,,
