IntName,Name,HP,Atk,Spd,Def,Res,Movement,Weapon Type,Game,HP Grow,Atk Grow,Spd Grow,Def Grow,Res Grow
Abel,Abel,39,33,32,25,25,1,Lance,1,50%,60%,55%,40%,45%
Aelfric,Aelfric,43,40,31,20,37,0,RTome,16,55%,70%,55%,35%,65%
F!Alear,Alear,40,43,46,32,26,0,Sword,17,50%,70%,70%,65%,50%
M!Alear,Alear,40,44,45,33,25,0,Sword,17,50%,70%,70%,65%,50%
Alcryst,Alcryst,39,43,46,30,24,0,CBow,17,50%,70%,75%,60%,45%
NY!Alfonse,Alfonse,41,38,17,35,30,0,BTome,0,50%,70%,25%,70%,50%
Alfonse,Alfonse,43,35,25,32,22,0,Sword,0,55%,60%,45%,55%,40%
SP!Alfonse,Alfonse,41,35,33,30,18,1,Axe,0,50%,60%,60%,55%,30%
V!Alfonse,Alfonse,43,38,25,37,31,3,GTome,0,50%,70%,45%,65%,50%
Alfred,Alfred,40,45,25,43,27,1,Lance,17,50%,70%,50%,75%,50%
Alm,Alm,45,33,30,28,22,0,Sword,15,55%,55%,55%,50%,40%
B!Alm,Alm,42,38,35,37,20,0,Sword,15,55%,70%,60%,60%,35%
V!Alm,Alm,40,35,40,32,25,0,Axe,15,50%,55%,70%,60%,45%
L!Alm,Alm,40,37,37,26,22,0,CBow,15,50%,60%,60%,50%,45%
Altena,Altena,45,37,25,39,20,2,Lance,4,60%,65%,45%,70%,30%
WI!Altina,Altina,42,40,18,37,39,0,Sword,10,55%,70%,35%,60%,65%
Altina,Altina,42,38,20,30,36,2,Sword,10,55%,70%,40%,45%,60%
Amelia,Amelia,47,34,34,35,23,3,Axe,8,65%,65%,60%,60%,45%
FA!Anankos,Anankos,42,43,44,36,31,3,BDragon,14,55%,75%,70%,60%,55%
Anna,Anna,41,29,38,22,28,0,Axe,0,50%,50%,65%,40%,50%
BR!Anna,Anna,38,43,46,22,25,1,GBow,13,50%,70%,80%,40%,50%
P!Anna,Anna,38,35,40,28,31,0,Lance,13,45%,60%,70%,50%,55%
NY!Anna,Anna,40,34,40,16,37,0,RBow,0,50%,60%,70%,30%,65%
Annand,Annand,37,35,39,27,34,2,Sword,4,45%,60%,65%,50%,60%
WI!Annette,Annette,43,43,23,40,41,3,CBow,16,55%,70%,45%,65%,75%
Annette,Annette,40,39,36,28,30,0,Axe,16,50%,70%,60%,50%,50%
Arden,Arden,60,36,16,41,16,3,Sword,4,80%,60%,30%,65%,30%
Ares,Ares,40,36,30,33,18,1,Sword,4,50%,65%,50%,60%,30%
Arete,Arete,41,36,27,20,34,1,RTome,14,50%,65%,50%,35%,60%
G!Arthur,Arthur,40,42,41,30,18,0,GTome,4,50%,70%,70%,55%,35%
F!Arthur,Arthur,43,32,29,30,24,0,Axe,14,55%,55%,50%,50%,45%
Artur,Artur,43,41,19,35,41,3,GTome,8,55%,70%,35%,60%,70%
Arval,Arval,40,44,27,23,43,0,CTome,16,50%,75%,50%,45%,70%
Arvis,Arvis,33,34,31,17,33,0,RTome,4,35%,60%,55%,30%,60%
Asbel,Asbel,40,36,42,21,26,0,GTome,5,50%,65%,70%,40%,45%
NY!Ash,Ash,41,44,19,44,40,0,BBeast,0,50%,70%,35%,75%,75%
Ash,Ash,41,39,27,41,34,0,CBeast,0,50%,70%,50%,70%,55%
SP!Ashe,Ashe,40,43,46,32,17,2,RDagger,16,50%,70%,80%,65%,30%
SU!Ashe,Ashe,40,37,41,32,18,1,Lance,16,50%,65%,70%,60%,30%
Ashera,Ashera,37,35,39,15,40,0,CTome,10,50%,50%,70%,25%,75%
Ashnard,Ashnard,43,37,21,35,31,2,Sword,9,60%,65%,35%,60%,50%
Askr,Askr,40,43,26,43,31,0,CBeast,0,50%,75%,50%,70%,50%
NY!Askr,Askr,40,42,16,42,37,0,CTome,0,50%,75%,30%,70%,65%
Astram,Astram,44,35,36,36,21,0,Sword,1,60%,55%,60%,65%,40%
Astrid,Astrid,38,39,41,27,23,1,GBow,9,50%,70%,70%,50%,40%
Athena,Athena,36,31,38,27,24,0,Sword,12,45%,55%,65%,45%,45%
Atlas,Atlas,46,43,37,34,27,0,Axe,15,60%,75%,65%,70%,55%
August,August,40,40,17,32,43,0,Staff,5,50%,70%,30%,55%,75%
Aversa,Aversa,42,33,34,17,24,2,RTome,13,55%,60%,60%,30%,40%
Ayra,Ayra,41,33,37,31,21,0,Sword,4,50%,60%,60%,55%,40%
T!Ayra,Ayra,40,44,46,32,17,1,Sword,4,50%,70%,80%,65%,30%
Azama,Azama,43,21,26,32,25,0,Staff,14,55%,40%,45%,55%,45%
Azelle,Azelle,41,37,39,26,23,0,RTome,4,50%,65%,65%,50%,40%
NY!Azura,Azura,37,30,35,22,26,2,Axe,14,50%,55%,60%,40%,50%
DE!Azura,Azura,37,37,39,16,23,1,GTome,14,50%,70%,70%,30%,45%
DA!Azura,Azura,35,32,34,20,28,0,Axe,14,45%,60%,60%,40%,50%
Azura,Azura,36,31,33,21,28,0,Lance,14,45%,60%,60%,40%,50%
L!Azura,Azura,33,30,35,17,24,2,BTome,14,45%,55%,65%,30%,45%
P!Azura,Azura,36,33,29,17,25,0,GTome,14,50%,60%,55%,30%,45%
Balthus,Balthus,47,42,24,37,31,0,Axe,16,65%,70%,45%,60%,55%
Bantu,Bantu,45,34,28,35,26,0,RDragon,3,65%,55%,50%,60%,45%
Barst,Barst,46,33,32,30,17,0,Axe,1,60%,55%,55%,55%,30%
SP!Bartre,Bartre,46,40,26,35,25,0,Sword,6,60%,70%,50%,55%,45%
Bartre,Bartre,49,36,25,33,13,0,Axe,6,65%,60%,45%,60%,25%
Basilio,Basilio,48,43,33,36,21,0,Axe,13,65%,70%,60%,60%,40%
Bastian,Bastian,40,44,28,20,45,0,GTome,10,50%,75%,55%,40%,70%
Benny,Benny,48,35,23,44,34,3,Lance,14,65%,60%,40%,70%,60%
DA!Berkut,Berkut,41,36,23,37,24,0,Lance,15,55%,65%,40%,70%,45%
Berkut,Berkut,43,34,22,31,24,1,Lance,15,55%,60%,40%,55%,40%
FA!Berkut,Berkut,40,35,17,35,30,1,Lance,15,50%,70%,30%,55%,50%
Bernadetta,Bernadetta,38,32,38,22,26,1,CBow,16,50%,55%,70%,40%,45%
WI!Bernadetta,Bernadetta,39,36,40,19,23,1,GTome,16,50%,65%,70%,35%,40%
SP!Bernadetta,Bernadetta,39,43,47,20,25,1,BBow,16,50%,70%,90%,30%,50%
Bertram,Bertram,45,37,27,38,26,1,Sword,9,60%,65%,50%,65%,45%
Beruka,Beruka,46,29,23,37,22,2,Axe,14,60%,50%,40%,65%,40%
Black Knight,Black Knight,48,34,34,35,18,3,Sword,9,60%,55%,60%,60%,30%
WI!Black Knight,Black Knight,43,44,44,35,30,3,Axe,9,55%,75%,70%,60%,55%
Boey,Boey,43,29,27,32,18,0,GTome,15,55%,50%,50%,55%,30%
CH!Boyd,Boyd,50,43,36,31,21,0,Axe,9,70%,70%,60%,55%,40%
Brady,Brady,41,33,32,23,28,0,Staff,13,50%,55%,55%,45%,50%
Bramimond,Bramimond,39,40,27,21,35,0,CTome,7,50%,70%,50%,35%,60%
Brigand Boss,Brigand Boss,45,42,35,35,24,0,Axe,15,60%,70%,60%,60%,45%
Brigid,Brigid,41,37,40,30,19,0,RBow,4,50%,65%,70%,55%,35%
Brunnya,Brunnya,42,35,31,21,33,0,BTome,6,55%,60%,55%,40%,55%
SP!Bruno,Bruno,41,30,24,35,14,1,Staff,0,55%,50%,45%,60%,25%
WI!Bruno,Bruno,43,41,38,29,34,3,GTome,0,55%,70%,60%,50%,65%
SU!F!Byleth,Byleth,40,36,42,16,21,2,RTome,16,50%,65%,70%,30%,40%
DE!M!Byleth,Byleth,40,42,44,25,26,0,BTome,16,50%,70%,70%,50%,50%
F!Byleth,Byleth,40,34,40,33,21,0,Sword,16,50%,55%,70%,60%,40%
B!F!Byleth,Byleth,39,41,43,26,24,2,CTome,16,50%,70%,75%,50%,40%
M!Byleth,Byleth,40,36,38,34,20,0,Sword,16,50%,55%,70%,60%,40%
FA!F!Byleth,Byleth,40,44,47,32,25,0,Sword,16,50%,75%,90%,55%,35%
L!F!Byleth,Byleth,40,39,43,23,26,0,BTome,16,50%,70%,75%,45%,40%
L!M!Byleth,Byleth,40,39,41,25,21,0,GTome,16,50%,70%,70%,50%,30%
L!Caeda,Caeda,39,38,43,27,31,2,Lance,1,50%,65%,70%,50%,55%
CH!Caeda,Caeda,36,33,42,25,30,2,Sword,1,45%,60%,70%,45%,50%
SU!Caeda,Caeda,39,33,42,26,28,1,Axe,1,50%,60%,70%,45%,50%
BR!Caeda,Caeda,33,29,37,19,30,0,BTome,1,40%,50%,65%,35%,50%
Caeda,Caeda,36,25,37,24,34,2,Sword,1,45%,45%,65%,45%,55%
Caeldori,Caeldori,39,40,44,30,31,2,Lance,14,50%,70%,75%,50%,55%
Caellach,Caellach,45,40,27,31,33,0,Axe,8,60%,70%,45%,55%,55%
Cain,Cain,42,32,32,27,21,1,Sword,1,55%,55%,60%,45%,35%
Caineghis,Caineghis,47,37,23,37,30,3,CBeast,10,55%,65%,45%,60%,50%
Camilla,Camilla,37,30,32,28,31,2,Axe,14,45%,50%,55%,50%,55%
P!Camilla,Camilla,36,37,30,17,30,2,RTome,14,45%,65%,50%,30%,55%
NY!Camilla,Camilla,40,33,35,31,23,2,Sword,14,50%,55%,60%,55%,45%
B!Camilla,Camilla,39,33,37,21,25,2,Staff,14,50%,55%,65%,40%,45%
NI!Camilla,Camilla,38,43,19,32,40,2,RTome,14,50%,70%,35%,60%,70%
SP!Camilla,Camilla,39,35,25,30,19,2,GTome,14,50%,60%,45%,50%,35%
HS!Camilla,Camilla,38,33,35,17,28,2,CDagger,14,50%,55%,60%,30%,50%
SU!Camilla,Camilla,39,33,36,23,19,2,BTome,14,50%,60%,60%,40%,35%
Camus,Camus,42,32,33,31,17,1,Lance,1,55%,55%,55%,55%,30%
Canas,Canas,36,32,29,21,33,0,RTome,7,45%,50%,55%,40%,55%
Caspar,Caspar,46,41,36,30,23,0,Axe,16,60%,70%,60%,50%,45%
Cath,Cath,39,37,43,21,22,0,GDagger,6,50%,70%,70%,40%,40%
TH!Cath,Cath,41,36,43,27,30,1,BTome,6,50%,70%,70%,50%,50%
Catherine,Catherine,43,39,41,30,23,0,Sword,16,55%,70%,70%,50%,40%
BR!Catria,Catria,40,40,41,28,23,2,Axe,15,50%,70%,70%,50%,40%
Catria,Catria,39,31,34,29,25,2,Lance,1,50%,55%,55%,50%,45%
P!Catria,Catria,41,38,36,27,24,2,Sword,15,55%,70%,60%,45%,40%
SP!Catria,Catria,36,32,35,18,23,1,BTome,1,45%,60%,60%,30%,40%
BR!Cecilia,Cecilia,40,41,25,18,38,1,RTome,6,50%,70%,45%,35%,70%
Cecilia,Cecilia,36,32,25,22,29,1,GTome,6,45%,55%,45%,40%,50%
WI!Cecilia,Cecilia,41,35,23,30,36,3,CDagger,6,50%,55%,40%,55%,60%
Ced,Ced,37,35,39,19,31,0,GTome,4,45%,65%,65%,35%,55%
Celica,Celica,39,32,33,22,22,0,RTome,15,50%,55%,60%,40%,35%
FA!Celica,Celica,40,35,35,27,26,0,Sword,15,50%,60%,60%,50%,45%
L!Celica,Celica,40,38,38,18,28,0,GTome,15,50%,65%,70%,30%,50%
A!Celica,Celica,40,43,42,21,25,0,CTome,15,50%,75%,70%,40%,45%
B!Celica,Celica,38,33,39,29,24,0,Sword,15,50%,60%,65%,50%,40%
Céline,Céline,37,41,44,17,38,0,GTome,17,50%,70%,75%,30%,65%
Cervantes,Cervantes,50,45,31,44,25,3,Lance,13,70%,75%,60%,70%,40%
Chad,Chad,45,30,37,26,23,0,CDagger,6,60%,55%,65%,45%,40%
BR!Charlotte,Charlotte,46,36,32,24,19,0,Lance,14,60%,60%,55%,45%,35%
Charlotte,Charlotte,48,43,41,25,18,0,Axe,14,70%,70%,70%,40%,35%
NI!Cherche,Cherche,43,44,20,44,32,2,Axe,13,55%,70%,40%,75%,60%
Cherche,Cherche,46,38,25,32,16,2,Axe,13,60%,65%,45%,55%,30%
Chloé,Chloé,36,38,40,28,42,2,Lance,17,50%,75%,55%,50%,70%
L!Chrom,Chrom,41,42,26,34,25,0,BBow,13,55%,75%,45%,50%,50%
Chrom,Chrom,47,37,25,31,17,0,Sword,13,60%,65%,45%,55%,30%
VA!Chrom,Chrom,40,44,27,40,26,0,RBow,13,50%,70%,50%,70%,50%
B!Chrom,Chrom,41,42,42,37,17,0,Lance,13,50%,70%,70%,75%,30%
WI!Chrom,Chrom,51,40,19,35,29,3,Axe,13,60%,65%,35%,60%,55%
P!Chrom,Chrom,41,37,28,34,17,1,Sword,13,50%,65%,50%,60%,30%
SP!Chrom,Chrom,43,35,32,28,20,0,Axe,13,55%,60%,55%,50%,35%
FA!Chrom,Chrom,41,45,46,29,18,1,Sword,13,55%,70%,80%,55%,35%
Citrinne,Citrinne,38,46,27,22,44,0,GTome,17,50%,70%,50%,45%,75%
Clair,Clair,37,26,36,24,33,2,Lance,15,45%,45%,65%,45%,55%
Clarine,Clarine,35,25,33,22,29,1,Staff,6,45%,45%,55%,40%,50%
Clarisse,Clarisse,37,31,34,25,20,0,CBow,12,45%,55%,60%,45%,35%
B!Claude,Claude,42,36,40,23,25,2,CBow,16,55%,65%,70%,40%,45%
L!Claude,Claude,41,37,41,23,24,2,CBow,16,55%,65%,70%,40%,45%
Claude,Claude,39,33,37,20,21,1,CBow,16,50%,60%,60%,35%,40%
SU!Claude,Claude,41,38,42,25,26,2,BDagger,16,55%,65%,70%,45%,50%
Clive,Clive,45,33,25,32,19,1,Lance,15,60%,55%,45%,55%,35%
Colm,Colm,43,36,41,24,32,0,BDagger,8,55%,65%,70%,45%,55%
Conrad,Conrad,40,31,22,34,35,1,Lance,15,50%,55%,40%,60%,60%
VA!Conrad,Conrad,39,32,23,33,35,1,Sword,15,50%,55%,40%,60%,60%
Constance,Constance,39,42,40,17,29,2,RTome,16,50%,70%,70%,30%,55%
SU!Cordelia,Cordelia,41,32,38,28,18,1,Lance,13,55%,55%,65%,50%,30%
Cordelia,Cordelia,40,35,35,22,25,2,Lance,13,50%,60%,60%,40%,45%
BR!Cordelia,Cordelia,36,35,35,19,22,0,CBow,13,45%,60%,60%,35%,40%
WI!Cordelia,Cordelia,40,44,43,33,23,2,Lance,13,50%,70%,75%,60%,45%
Cormag,Cormag,42,36,32,34,23,2,Lance,8,55%,60%,60%,50%,45%
Cornelia,Cornelia,42,46,23,26,40,0,Staff,16,55%,80%,35%,50%,70%
FA!M!Corrin,Corrin,42,38,38,33,26,0,BDragon,14,55%,70%,70%,65%,50%
H!M!Corrin,Corrin,44,44,21,44,39,0,GDragon,14,60%,80%,40%,85%,70%
L!F!Corrin,Corrin,41,38,40,34,29,0,CDragon,14,60%,70%,75%,60%,50%
NI!M!Corrin,Corrin,41,40,38,35,28,0,Lance,14,50%,70%,65%,60%,50%
P!M!Corrin,Corrin,42,35,35,31,24,0,BDragon,14,60%,65%,65%,60%,45%
P!F!Corrin,Corrin,41,31,37,32,27,0,GDragon,14,60%,55%,70%,60%,50%
NY!M!Corrin,Corrin,37,32,30,34,18,0,CBow,14,45%,55%,50%,65%,30%
M!Corrin,Corrin,42,32,32,28,24,0,Sword,14,50%,55%,55%,50%,45%
F!Corrin,Corrin,41,27,34,34,21,0,BDragon,14,50%,45%,65%,60%,35%
NI!F!Corrin,Corrin,38,41,40,23,20,1,GTome,14,50%,70%,70%,45%,35%
SU!F!Corrin,Corrin,34,31,34,22,26,2,BTome,14,40%,55%,60%,40%,45%
H!F!Corrin,Corrin,40,42,45,36,30,0,BDragon,14,55%,70%,75%,75%,60%
FA!F!Corrin,Corrin,43,35,37,31,27,0,CDragon,14,65%,65%,70%,55%,50%
B!F!Corrin,Corrin,42,40,46,37,40,3,CDragon,14,65%,70%,80%,70%,70%
Cynthia,Cynthia,38,32,37,27,29,2,Lance,13,50%,55%,60%,50%,50%
Cyril,Cyril,46,42,44,35,26,0,RBow,16,65%,75%,80%,70%,50%
NY!Dagr,Dagr,40,41,42,27,22,2,GBow,0,50%,70%,70%,50%,45%
Dagr,Dagr,41,39,41,30,25,0,Axe,0,50%,70%,70%,50%,45%
PI!Darros,Darros,46,36,32,37,21,0,Axe,1,60%,60%,60%,65%,35%
Death Knight,Death Knight,40,35,25,30,27,1,Lance,16,50%,60%,45%,50%,50%
Dedue,Dedue,50,45,17,45,28,3,Axe,16,70%,75%,30%,75%,45%
DE!Deen,Deen,43,36,39,27,23,1,CDagger,15,55%,65%,70%,50%,40%
L!Deirdre,Deirdre,40,43,32,19,43,0,BTome,4,50%,70%,60%,35%,75%
Deirdre,Deirdre,36,33,28,16,35,0,GTome,4,45%,55%,50%,30%,60%
Delthea,Delthea,33,36,34,13,31,0,BTome,15,40%,60%,60%,25%,55%
SP!Delthea,Delthea,36,43,40,16,28,1,BTome,15,45%,75%,70%,30%,50%
FA!Delthea,Delthea,41,36,33,19,28,0,BTome,15,55%,60%,55%,35%,50%
H!Dheiginsea,Dheiginsea,45,45,14,41,39,3,RDragon,10,60%,75%,25%,65%,70%
Diamant,Diamant,41,46,36,43,21,0,Sword,17,55%,70%,70%,75%,35%
Dieck,Dieck,40,40,35,36,25,0,Axe,6,50%,70%,60%,60%,45%
B!Dimitri,Dimitri,41,40,36,40,19,0,Lance,16,50%,70%,65%,70%,30%
FA!Dimitri,Dimitri,40,42,40,38,17,0,Lance,16,50%,70%,75%,60%,30%
L!Dimitri,Dimitri,40,41,41,37,18,0,Lance,16,50%,70%,75%,60%,30%
SU!Dimitri,Dimitri,40,42,40,35,17,1,Axe,16,50%,75%,70%,60%,30%
Dimitri,Dimitri,40,36,29,34,18,1,Lance,16,50%,60%,55%,55%,35%
Díthorba,Díthorba,43,35,38,23,33,2,Lance,4,55%,65%,65%,40%,55%
Donnel,Donnel,43,35,29,32,23,0,Lance,13,60%,65%,55%,60%,45%
SU!Donnel,Donnel,46,45,31,40,30,0,Axe,13,70%,80%,60%,70%,55%
H!Dorcas,Dorcas,49,41,25,37,21,3,Axe,7,60%,70%,45%,65%,35%
Dorcas,Dorcas,45,35,23,35,24,0,Axe,7,60%,60%,40%,60%,45%
SU!Dorothea,Dorothea,38,37,36,16,30,0,CDagger,16,50%,70%,65%,30%,55%
DE!Dorothea,Dorothea,37,38,35,16,26,2,RTome,16,50%,70%,60%,30%,50%
WI!Dorothea,Dorothea,36,41,41,16,25,1,RTome,16,50%,75%,70%,30%,50%
Dorothy,Dorothy,40,46,43,25,28,0,CBow,6,50%,80%,70%,45%,55%
H!Dozla,Dozla,45,38,29,35,27,3,CDagger,8,55%,70%,50%,60%,45%
Draug,Draug,50,30,32,39,18,3,Sword,1,60%,50%,60%,60%,35%
Duessel,Duessel,41,39,18,39,31,1,Lance,8,50%,70%,30%,70%,55%
Duma,Duma,48,40,21,34,31,3,CDragon,15,55%,70%,35%,60%,55%
H!Duma,Duma,47,46,19,40,43,3,RDragon,15,65%,75%,35%,70%,70%
Dwyer,Dwyer,40,37,35,25,39,0,Staff,14,50%,65%,60%,45%,70%
Echidna,Echidna,45,34,36,30,27,0,Axe,6,60%,60%,60%,55%,45%
B!Edelgard,Edelgard,46,45,16,43,35,3,Axe,16,60%,75%,30%,70%,60%
L!Edelgard,Edelgard,45,42,17,39,36,3,Axe,16,60%,70%,30%,60%,65%
FA!Edelgard,Edelgard,45,42,14,44,39,3,CBeast,16,55%,70%,25%,75%,70%
SU!Edelgard,Edelgard,46,45,17,43,39,3,Sword,16,60%,75%,30%,70%,70%
Edelgard,Edelgard,41,39,30,37,21,0,Axe,16,55%,70%,50%,65%,35%
Effie,Effie,50,40,22,33,23,3,Lance,14,65%,65%,40%,50%,45%
V!Effie,Effie,43,46,43,32,23,0,Axe,14,55%,80%,70%,55%,45%
A!Eir,Eir,35,42,45,16,35,1,GDagger,0,45%,70%,75%,30%,70%
Eir,Eir,35,32,37,14,31,2,CDagger,0,45%,55%,65%,25%,55%
NY!Eir,Eir,39,31,36,21,34,2,RDagger,0,50%,50%,65%,35%,65%
P!Eirika,Eirika,36,31,35,20,22,1,RTome,8,45%,55%,60%,35%,40%
SU!Eirika,Eirika,39,39,42,25,22,2,GTome,8,50%,70%,70%,50%,35%
WI!Eirika,Eirika,42,36,23,30,34,3,Staff,8,55%,60%,40%,50%,55%
L!Eirika,Eirika,38,31,39,27,21,1,Sword,8,50%,60%,65%,45%,35%
B!Eirika,Eirika,39,40,42,28,24,1,Lance,8,50%,70%,70%,50%,45%
Eirika,Eirika,42,26,35,26,28,0,Sword,8,55%,45%,60%,45%,50%
CH!Eirika,Eirika,40,36,43,30,28,0,Sword,8,50%,65%,70%,50%,50%
Eitr,Eitr,40,44,46,33,16,1,BBeast,0,50%,75%,70%,70%,30%
Eitri,Eitri,37,41,29,30,31,2,GTome,0,50%,70%,50%,50%,55%
Eldigan,Eldigan,45,32,24,34,19,1,Sword,4,60%,55%,45%,60%,30%
DA!Eldigan,Eldigan,43,38,26,37,18,2,Lance,4,60%,70%,50%,65%,30%
Eleonora,Eleonora,42,37,38,25,24,0,CBow,69,55%,70%,70%,40%,40%
Elice,Elice,40,41,35,27,34,0,Staff,11,50%,70%,60%,50%,60%
Elimine,Elimine,36,34,40,16,41,2,Staff,6,45%,55%,70%,30%,75%
A!Elincia,Elincia,38,44,45,18,28,2,Staff,10,50%,75%,70%,35%,55%
DA!Elincia,Elincia,34,29,35,20,21,0,GDagger,10,45%,55%,65%,35%,40%
Elincia,Elincia,35,34,36,24,27,2,Sword,9,45%,60%,60%,45%,45%
SU!Elincia,Elincia,38,36,40,25,33,2,BBow,10,50%,65%,70%,45%,55%
HS!Elise,Elise,34,33,37,18,22,1,RDagger,14,45%,60%,60%,35%,35%
Elise,Elise,30,32,32,19,32,1,Staff,14,35%,55%,55%,35%,55%
V!Elise,Elise,37,43,46,16,27,1,Staff,14,50%,70%,75%,30%,55%
SU!Elise,Elise,34,36,34,18,25,0,GTome,14,40%,60%,60%,35%,45%
L!Eliwood,Eliwood,37,36,34,33,16,1,Sword,7,45%,70%,55%,55%,30%
V!Eliwood,Eliwood,47,38,32,29,29,3,Lance,7,55%,65%,55%,50%,50%
Eliwood,Eliwood,39,31,30,23,32,1,Sword,7,50%,55%,50%,40%,55%
B!Eliwood,Eliwood,40,37,35,32,18,1,Lance,7,50%,65%,60%,60%,30%
Y!Eliwood,Eliwood,39,45,46,29,20,1,Sword,7,50%,70%,75%,60%,40%
NY!Elm,Elm,41,40,45,27,31,2,GBeast,0,50%,70%,75%,50%,55%
Embla,Embla,41,43,44,31,24,2,RBeast,0,50%,70%,75%,60%,45%
Emmeryn,Emmeryn,43,32,34,23,30,0,Staff,13,55%,60%,60%,40%,50%
H!Ena,Ena,44,36,23,37,36,0,RDragon,10,55%,60%,45%,65%,60%
P!Ephraim,Ephraim,41,39,30,37,25,0,Lance,8,50%,70%,50%,65%,45%
L!Ephraim,Ephraim,43,36,27,33,18,1,Lance,8,55%,60%,50%,55%,35%
Ephraim,Ephraim,45,35,25,32,20,0,Lance,8,60%,60%,45%,55%,35%
B!Ephraim,Ephraim,46,38,27,37,26,3,BBow,8,55%,65%,50%,60%,45%
WI!Ephraim,Ephraim,45,41,23,36,29,3,Lance,8,55%,70%,40%,60%,50%
SU!Ephraim,Ephraim,41,47,16,44,31,1,Axe,8,55%,70%,30%,80%,60%
Eremiya,Eremiya,44,32,35,23,27,0,RTome,12,60%,60%,60%,40%,45%
Erinys,Erinys,39,37,41,32,23,2,Lance,4,50%,70%,70%,50%,40%
Erk,Erk,45,35,39,19,27,0,RTome,7,60%,65%,70%,30%,45%
Est,Est,36,35,30,24,32,2,Lance,1,45%,60%,50%,45%,55%
SP!Est,Est,39,38,35,17,26,2,BTome,1,50%,70%,60%,30%,45%
P!Est,Est,35,41,38,25,37,2,Lance,15,45%,70%,70%,40%,65%
DA!Ethlyn,Ethlyn,37,36,41,16,28,2,CDagger,4,50%,65%,75%,30%,50%
Ethlyn,Ethlyn,38,28,34,26,20,1,Staff,4,50%,50%,55%,50%,30%
Etie,Etie,40,45,40,30,28,0,CBow,17,50%,75%,70%,55%,50%
Ewan,Ewan,38,37,33,23,35,0,RTome,8,50%,70%,60%,45%,70%
Eyvel,Eyvel,41,33,35,38,25,0,Sword,5,55%,55%,55%,70%,45%
L!Fae,Fae,40,42,28,37,41,0,BDragon,6,55%,75%,50%,70%,75%
Fae,Fae,46,33,28,25,30,0,GDragon,6,70%,65%,55%,45%,50%
WI!Fae,Fae,45,35,26,33,41,3,GDragon,6,65%,60%,50%,55%,75%
NY!Fáfnir,Fáfnir,40,43,39,31,16,1,RDagger,0,50%,75%,70%,55%,30%
Farina,Farina,39,36,38,30,30,2,Lance,7,50%,60%,65%,50%,55%
Faye,Faye,42,30,25,26,31,0,CBow,15,60%,55%,50%,50%,55%
V!Faye,Faye,43,40,23,35,38,3,CBow,15,55%,75%,45%,65%,70%
Felicia,Felicia,34,23,37,18,35,0,CDagger,14,45%,40%,60%,35%,60%
SP!Felicia,Felicia,43,30,37,30,35,3,Axe,14,50%,50%,60%,50%,65%
Felix,Felix,40,46,46,31,25,0,Sword,16,50%,80%,70%,55%,50%
WI!Felix,Felix,44,38,37,32,29,3,BBow,16,55%,65%,65%,55%,50%
Ferdinand,Ferdinand,41,32,35,30,24,1,Lance,16,50%,55%,60%,55%,45%
T!Ferdinand,Ferdinand,40,42,45,21,25,2,GTome,16,50%,70%,75%,40%,50%
Fernand,Fernand,45,41,26,32,23,1,Lance,15,60%,70%,45%,55%,45%
Finn,Finn,40,34,33,32,18,1,Lance,5,50%,60%,55%,55%,35%
Fiora,Fiora,38,32,38,21,37,2,Lance,7,45%,55%,65%,35%,70%
SU!Fiora,Fiora,40,32,37,26,28,2,Sword,7,50%,55%,60%,50%,50%
SP!Fir,Fir,39,35,41,28,24,2,Axe,6,50%,60%,70%,50%,40%
Fir,Fir,41,25,36,24,31,0,Sword,6,50%,45%,60%,45%,55%
A!Fir,Fir,42,44,46,34,21,0,Sword,6,55%,75%,70%,65%,40%
BR!Fjorm,Fjorm,42,34,34,17,23,2,Staff,0,55%,60%,55%,30%,45%
A!Fjorm,Fjorm,43,39,41,31,36,3,Axe,0,55%,70%,70%,50%,60%
NY!Fjorm,Fjorm,39,35,35,20,21,2,GBow,0,50%,60%,60%,35%,40%
Fjorm,Fjorm,39,30,31,30,34,0,Lance,0,50%,50%,55%,50%,60%
SU!Fjorm,Fjorm,43,43,46,28,28,0,Sword,0,55%,75%,70%,55%,50%
Flame Emperor,Flame Emperor,50,40,25,37,26,3,Axe,16,70%,65%,45%,60%,45%
BR!Flavia,Flavia,41,44,45,31,18,1,Sword,13,50%,80%,70%,60%,35%
Flavia,Flavia,41,40,41,36,23,0,Sword,13,50%,70%,70%,65%,40%
Flayn,Flayn,40,39,27,21,35,2,Staff,16,50%,65%,50%,40%,60%
Flora,Flora,38,34,23,18,38,0,RDagger,13,50%,60%,40%,30%,65%
SP!Flora,Flora,43,38,22,29,38,3,RDagger,13,55%,60%,40%,50%,65%
A!Florina,Florina,39,37,43,22,31,2,CBow,7,50%,65%,70%,45%,55%
Florina,Florina,42,29,27,25,34,2,Lance,7,55%,50%,45%,45%,60%
Fomortiis,Fomortiis,46,44,15,46,44,3,CBeast,8,55%,70%,25%,85%,80%
Forrest,Forrest,39,32,26,19,35,1,Staff,14,50%,60%,45%,35%,60%
Forsyth,Forsyth,47,40,20,39,33,3,Lance,15,55%,70%,35%,65%,60%
SU!Frederick,Frederick,40,32,31,28,18,0,CDagger,13,50%,55%,55%,50%,30%
Frederick,Frederick,43,35,25,36,14,1,Axe,13,55%,60%,45%,65%,25%
SU!Freyja,Freyja,40,39,43,25,20,1,CBeast,0,55%,70%,70%,45%,35%
Freyja,Freyja,40,38,44,24,22,1,GBeast,0,55%,65%,75%,45%,35%
SU!Freyr,Freyr,41,38,16,38,35,1,RBeast,0,55%,60%,30%,70%,60%
Freyr,Freyr,41,46,16,41,35,1,BBeast,0,55%,70%,30%,75%,65%
Gaius,Gaius,42,29,36,22,19,0,CDagger,13,55%,50%,60%,40%,35%
SU!Gaius,Gaius,34,30,37,19,28,0,CBow,13,40%,50%,65%,35%,50%
Galle,Galle,46,38,22,38,28,2,Lance,6,60%,65%,40%,65%,50%
Galzus,Galzus,40,43,41,36,22,0,Sword,5,50%,75%,70%,60%,40%
Ganglöt,Ganglöt,40,44,30,38,35,0,Axe,0,50%,70%,60%,70%,55%
Gangrel,Gangrel,45,32,38,24,27,0,CDagger,13,60%,60%,65%,45%,45%
Garon,Garon,43,33,22,33,32,0,RDragon,14,60%,55%,40%,55%,55%
Gatekeeper,Gatekeeper,41,37,17,40,36,0,BTome,16,50%,65%,30%,70%,65%
Gatrie,Gatrie,47,42,17,44,35,3,Lance,9,65%,65%,30%,75%,60%
Geese,Geese,46,38,35,32,21,0,Lance,6,60%,70%,60%,55%,35%
SP!Genny,Genny,35,36,24,14,34,1,Staff,15,45%,60%,45%,25%,60%
Genny,Genny,32,35,25,21,34,0,Staff,15,35%,60%,45%,40%,60%
Geoffery,Geoffery,40,46,40,29,25,1,Lance,10,50%,75%,70%,50%,50%
Gerik,Gerik,47,37,36,30,22,0,Axe,8,65%,60%,60%,50%,45%
Gerome,Gerome,45,38,25,34,19,2,Axe,13,60%,65%,45%,60%,35%
Gharnef,Gharnef,38,30,34,27,23,0,RTome,1,50%,50%,55%,50%,40%
Gilliam,Gilliam,47,44,21,48,35,3,Lance,8,60%,70%,40%,80%,65%
Gonzalez,Gonzalez,50,42,35,33,21,0,Axe,6,70%,70%,60%,55%,40%
Gordin,Gordin,43,31,25,32,17,0,CBow,1,55%,55%,45%,55%,30%
Gotoh,Gotoh,40,42,14,38,42,0,CTome,1,50%,70%,25%,70%,75%
Gray,Gray,43,35,32,30,22,0,Sword,15,60%,65%,60%,55%,45%
Gregor,Gregor,40,44,37,43,23,0,Sword,13,50%,70%,60%,80%,45%
V!Greil,Greil,47,41,18,38,30,3,Axe,9,55%,70%,30%,65%,55%
Guinivere,Guinivere,36,35,40,16,38,0,BTome,6,45%,60%,70%,30%,65%
L!Guinivere,Guinivere,37,39,45,16,40,0,CTome,6,50%,70%,75%,30%,65%
Gullveig,Gullveig,37,43,45,26,18,1,CTome,0,50%,70%,75%,50%,35%
B!Gullveig,Gullveig,40,45,47,27,19,2,BTome,0,55%,70%,80%,55%,35%
SU!Gunnthrá,Gunnthrá,39,33,37,17,24,1,CDagger,0,50%,60%,60%,30%,45%
Gunnthrá,Gunnthrá,37,31,33,19,25,1,GTome,0,50%,55%,55%,30%,45%
NY!Gunnthrá,Gunnthrá,38,34,37,27,26,2,Sword,0,50%,60%,60%,45%,50%
Gunter,Gunter,43,32,24,33,18,1,Axe,14,50%,50%,40%,50%,30%
V!Gustav,Gustav,49,41,18,46,31,3,Axe,0,65%,70%,30%,75%,55%
FA!Gustav,Gustav,40,41,25,38,30,1,Axe,0,50%,70%,50%,65%,50%
Guy,Guy,44,37,43,33,25,0,Sword,7,55%,65%,75%,55%,45%
Gwendolyn,Gwendolyn,49,30,24,38,28,3,Lance,6,60%,50%,45%,60%,50%
Haar,Haar,45,37,25,36,18,2,Axe,10,65%,65%,45%,60%,30%
NI!Haar,Haar,44,42,24,44,28,2,Sword,10,60%,70%,45%,70%,55%
NI!Hana,Hana,42,36,40,28,30,0,Axe,14,55%,65%,70%,45%,50%
Hana,Hana,37,35,36,23,26,0,Sword,14,45%,60%,60%,40%,50%
V!Hana,Hana,40,42,46,41,27,3,Sword,14,50%,75%,75%,70%,45%
Hans,Hans,46,45,39,35,21,0,Axe,14,60%,70%,70%,65%,40%
Hapi,Hapi,40,42,26,16,39,1,BTome,16,50%,70%,50%,30%,70%
FA!Hardin,Hardin,45,34,28,36,32,3,Lance,1,50%,60%,50%,60%,55%
Hardin,Hardin,41,41,44,32,21,1,Lance,1,55%,70%,75%,60%,35%
Hawkeye,Hawkeye,45,33,22,28,30,0,Axe,7,55%,55%,40%,50%,55%
Heath,Heath,40,35,33,33,27,2,Lance,7,50%,60%,60%,50%,50%
NI!Heath,Heath,42,43,23,40,30,2,CBow,7,55%,70%,40%,75%,55%
B!Hector,Hector,48,37,22,39,28,3,Lance,7,55%,60%,40%,70%,50%
H!Hector,Hector,47,41,26,39,27,3,Axe,7,55%,70%,50%,60%,50%
Hector,Hector,52,36,24,37,19,3,Axe,7,65%,60%,45%,60%,35%
V!Hector,Hector,50,38,21,40,24,3,Axe,7,60%,70%,40%,65%,40%
L!Hector,Hector,47,40,23,38,26,3,Axe,7,55%,70%,40%,60%,50%
CH!Hector,Hector,44,45,16,47,41,3,Axe,7,60%,80%,30%,75%,70%
Heiðr,Heiðr,38,45,45,29,20,0,GTome,0,50%,70%,80%,55%,35%
Hel,Hel,40,38,41,30,18,2,Axe,0,50%,65%,70%,50%,35%
Helbindi,Helbindi,44,35,18,35,31,0,Axe,0,60%,60%,30%,60%,55%
SU!Helbindi,Helbindi,44,36,18,37,33,0,Sword,0,60%,60%,30%,70%,55%
V!Henriette,Henriette,42,40,18,35,40,3,RTome,0,50%,75%,30%,55%,70%
H!Henry,Henry,36,33,34,26,36,3,GTome,13,45%,55%,55%,50%,55%
SP!Henry,Henry,41,37,27,40,23,1,CBow,13,50%,65%,50%,70%,45%
Henry,Henry,45,23,22,32,25,0,RTome,13,60%,40%,40%,55%,45%
SU!TH!Hilda,Hilda,39,37,40,20,25,2,Staff,16,50%,65%,70%,35%,45%
A!TH!Hilda,Hilda,42,42,43,34,26,0,Axe,16,55%,70%,70%,60%,50%
WI!TH!Hilda,Hilda,44,39,38,37,26,3,Lance,16,55%,70%,65%,60%,45%
TH!Hilda,Hilda,43,37,37,28,23,0,Axe,16,55%,60%,60%,55%,45%
G!Hilda,Hilda,41,40,25,24,40,0,RTome,4,55%,70%,40%,45%,70%
BR!Hinata,Hinata,47,37,27,40,21,0,Axe,14,65%,65%,50%,65%,35%
Hinata,Hinata,47,32,24,36,18,0,Sword,14,60%,55%,45%,60%,35%
P!Hinoka,Hinoka,37,32,35,17,29,2,CBow,14,45%,60%,60%,30%,50%
PI!Hinoka,Hinoka,40,40,40,23,23,2,GBow,14,50%,70%,70%,45%,40%
HS!Hinoka,Hinoka,38,35,35,16,26,2,GDagger,14,50%,60%,60%,30%,45%
L!Hinoka,Hinoka,40,46,46,23,22,2,RBow,14,50%,90%,70%,45%,40%
Hinoka,Hinoka,41,35,32,25,24,2,Lance,14,50%,65%,55%,45%,40%
Holst,Holst,42,43,41,35,26,0,Sword,16,55%,75%,70%,60%,45%
Hríd,Hríd,41,37,17,36,26,1,Sword,0,50%,70%,30%,55%,50%
NY!Hríd,Hríd,42,38,19,36,27,2,Sword,0,55%,65%,35%,60%,50%
Hubert,Hubert,41,39,32,19,25,0,RTome,16,55%,65%,55%,35%,45%
Hugh,Hugh,40,38,42,27,24,0,RTome,6,50%,70%,75%,45%,40%
Iago,Iago,42,38,27,23,32,0,RTome,14,55%,65%,50%,40%,55%
Idunn,Idunn,45,35,26,39,34,3,RDragon,6,60%,55%,50%,70%,70%
A!Idunn,Idunn,45,43,26,43,38,3,BDragon,6,70%,75%,45%,75%,70%
SP!Idunn,Idunn,46,37,26,37,38,3,RDragon,6,60%,65%,50%,70%,70%
WI!Ignatz,Ignatz,42,35,40,31,37,3,CBow,16,50%,65%,65%,55%,65%
Igrene,Igrene,42,37,37,26,24,0,RBow,6,55%,70%,65%,45%,40%
NI!Igrene,Igrene,40,43,38,22,30,2,CDagger,6,50%,75%,70%,40%,50%
B!Ike,Ike,43,36,28,35,20,0,Axe,9,60%,60%,50%,60%,35%
CH!Ike,Ike,40,42,42,32,26,0,Sword,9,50%,70%,70%,55%,50%
V!Ike,Ike,45,37,38,35,19,3,Sword,9,55%,65%,65%,60%,30%
L!Ike,Ike,41,36,30,35,21,0,Sword,10,50%,60%,55%,60%,40%
Ike,Ike,42,35,31,32,18,0,Sword,9,55%,60%,55%,55%,30%
FA!Ike,Ike,40,35,42,32,23,0,Sword,10,50%,60%,70%,60%,40%
CH!Ilyana,Ilyana,40,41,30,18,42,0,GTome,9,50%,70%,60%,30%,70%
Ilyana,Ilyana,39,38,32,17,40,0,BTome,9,50%,65%,55%,30%,70%
H!Ilyana,Ilyana,41,38,23,30,37,3,BTome,9,50%,70%,40%,50%,60%
Ingrid,Ingrid,37,35,40,28,27,1,Lance,16,45%,65%,70%,50%,45%
SU!Ingrid,Ingrid,39,34,42,25,26,2,Lance,16,50%,65%,70%,45%,40%
R!Ingrid,Ingrid,38,44,47,30,25,2,Lance,16,50%,70%,75%,55%,50%
SP!Inigo,Inigo,40,38,40,22,27,2,GBow,13,50%,65%,70%,40%,50%
DA!Inigo,Inigo,37,28,33,22,20,0,GTome,13,50%,50%,60%,40%,40%
SU!Innes,Innes,42,33,37,30,20,2,Axe,8,55%,55%,65%,55%,35%
CH!Innes,Innes,43,37,38,26,27,0,CBow,8,55%,60%,70%,45%,50%
Innes,Innes,35,33,34,14,31,0,CBow,8,45%,55%,60%,25%,55%
A!Ishtar,Ishtar,40,41,43,17,31,0,BTome,4,50%,70%,75%,30%,55%
Ishtar,Ishtar,38,34,36,17,26,0,BTome,4,50%,60%,60%,30%,45%
DA!Ishtar,Ishtar,36,34,36,16,22,2,RTome,5,45%,65%,65%,30%,45%
Itsuki,Itsuki,41,37,30,33,32,0,Sword,69,50%,65%,50%,60%,55%
SU!Ivy,Ivy,38,46,25,20,44,2,GTome,17,50%,70%,50%,40%,75%
Jaffar,Jaffar,41,26,33,25,22,0,CDagger,7,55%,45%,55%,45%,40%
WI!Jaffar,Jaffar,44,35,37,31,27,3,GDagger,7,60%,60%,65%,50%,45%
Jagen,Jagen,37,27,24,25,35,1,Lance,1,40%,45%,40%,40%,55%
H!Jakob,Jakob,42,35,23,33,32,3,CBow,14,50%,60%,40%,55%,55%
Jakob,Jakob,39,29,31,25,24,0,CDagger,14,50%,50%,50%,45%,45%
Jamke,Jamke,38,36,32,29,17,0,CBow,4,50%,65%,50%,50%,30%
Jeorge,Jeorge,37,32,32,24,22,0,CBow,4,45%,55%,55%,45%,40%
Jeralt,Jeralt,41,43,26,39,30,1,Lance,16,50%,70%,50%,70%,55%
Jill,Jill,40,39,40,36,17,2,Axe,9,50%,70%,70%,60%,30%
Jorge,Jorge,45,36,27,35,29,0,BBow,10,60%,65%,50%,55%,50%
A!Joshua,Joshua,41,39,43,29,25,0,CDagger,8,50%,70%,75%,50%,45%
Joshua,Joshua,40,31,35,30,28,0,Sword,8,50%,55%,60%,50%,50%
SU!Joshua,Joshua,40,36,39,28,24,0,RBow,8,50%,60%,70%,50%,45%
L!Julia,Julia,40,39,28,19,36,0,BTome,4,50%,70%,50%,35%,60%
FA!Julia,Julia,39,41,24,17,40,0,RTome,4,50%,70%,45%,30%,70%
Julia,Julia,38,35,26,17,32,0,GTome,4,50%,60%,45%,30%,55%
CF!Julia,Julia,39,42,35,16,35,2,RTome,4,50%,70%,60%,30%,65%
Julian,Julian,40,38,38,33,18,0,CDagger,1,50%,70%,65%,60%,30%
Julius,Julius,38,35,27,16,35,0,RTome,4,50%,60%,45%,30%,60%
BR!Juno,Juno,38,36,38,22,26,2,BTome,6,45%,65%,70%,40%,45%
Kaden,Kaden,38,32,36,25,25,1,GBeast,14,50%,55%,60%,45%,45%
NY!Kaden,Kaden,41,35,39,25,28,1,RBeast,14,55%,60%,65%,45%,50%
H!Kagero,Kagero,41,38,21,32,33,3,GDagger,14,50%,60%,40%,55%,55%
Kagero,Kagero,31,35,32,22,28,0,CDagger,14,35%,60%,55%,40%,50%
SP!Kagero,Kagero,36,35,34,18,27,2,CDagger,14,45%,60%,60%,30%,50%
Kamui,Kamui,44,38,41,36,22,0,Sword,15,60%,65%,70%,60%,40%
F!Kana,Kana,40,30,34,33,26,0,GDragon,14,50%,50%,60%,60%,45%
M!Kana,Kana,40,31,33,31,29,0,BDragon,14,50%,50%,60%,55%,50%
Karel,Karel,47,30,35,25,20,0,Sword,7,65%,50%,60%,45%,35%
Karin,Karin,41,37,42,26,31,2,Lance,5,50%,70%,70%,45%,55%
SP!Karla,Karla,40,45,47,24,22,1,Axe,7,50%,70%,90%,45%,40%
DE!Karla,Karla,41,40,42,31,28,0,Lance,7,50%,70%,70%,55%,50%
Karla,Karla,42,35,40,23,22,0,Sword,7,55%,65%,70%,40%,35%
DE!Katarina,Katarina,39,37,43,16,28,2,BTome,12,50%,60%,75%,30%,50%
Katarina,Katarina,34,32,34,15,32,0,RTome,12,40%,60%,60%,25%,55%
Kaze,Kaze,34,30,36,17,34,0,CDagger,14,40%,55%,60%,30%,60%
Keaton,Keaton,45,41,24,38,19,0,RBeast,14,60%,70%,40%,70%,35%
NY!Keaton,Keaton,48,41,24,43,20,0,GBeast,14,65%,70%,40%,75%,35%
Kempf,Kempf,42,33,33,27,26,1,Sword,5,55%,60%,60%,45%,45%
Kent,Kent,42,37,40,30,24,1,Sword,7,55%,70%,70%,50%,40%
Kiragi,Kiragi,40,38,43,37,23,0,CBow,14,50%,70%,70%,65%,45%
Kiria,Kiria,38,41,20,29,34,0,RTome,69,50%,70%,35%,50%,60%
Kjelle,Kjelle,47,40,22,37,28,3,Lance,13,55%,70%,40%,60%,50%
Klein,Klein,40,31,33,20,24,0,CBow,6,50%,50%,60%,35%,45%
Kliff,Kliff,37,30,37,25,28,0,BTome,15,50%,55%,75%,50%,45%
Knoll,Knoll,43,37,32,19,35,0,RTome,8,55%,65%,55%,35%,60%
DE!M!Kris,Kris,41,37,37,31,22,1,Axe,12,50%,65%,65%,55%,40%
M!Kris,Kris,40,37,40,30,25,0,Sword,12,50%,65%,70%,50%,45%
F!Kris,Kris,40,37,40,30,25,0,Lance,12,50%,65%,70%,50%,45%
Kronya,Kronya,44,31,39,22,26,0,CDagger,16,60%,50%,65%,40%,50%
H!Kurthnaga,Kurthnaga,45,39,27,36,35,0,RDragon,10,60%,65%,50%,60%,60%
Kvasir,Kvasir,40,41,46,17,25,1,RTome,0,50%,80%,70%,30%,50%
NY!Kyza,Kyza,45,39,26,41,30,0,RBeast,10,60%,65%,45%,70%,55%
H!L'Arachel,L'Arachel,39,36,34,22,20,1,GTome,8,50%,65%,60%,45%,30%
L'Arachel,L'Arachel,33,33,31,17,31,1,BTome,8,40%,55%,55%,30%,55%
CH!L'Arachel,L'Arachel,36,37,38,16,30,1,Staff,8,45%,65%,70%,30%,50%
SU!L'Arachel,L'Arachel,37,46,44,16,30,2,Staff,8,50%,70%,80%,30%,55%
DA!Lachesis,Lachesis,37,37,27,19,37,2,GDagger,4,50%,70%,50%,35%,65%
Lachesis,Lachesis,39,32,25,22,30,0,Staff,4,50%,60%,40%,40%,50%
SU!Laegjarn,Laegjarn,37,34,37,20,21,2,BTome,0,45%,65%,65%,35%,35%
NI!Laegjarn,Laegjarn,40,44,19,37,38,2,BBow,0,50%,70%,35%,65%,75%
A!Laegjarn,Laegjarn,40,39,41,30,18,1,CBow,0,50%,70%,70%,55%,35%
NY!Laegjarn,Laegjarn,38,32,35,35,17,1,Lance,0,50%,55%,60%,60%,30%
Laegjarn,Laegjarn,41,32,36,36,17,2,Sword,0,55%,55%,60%,65%,30%
SU!Laevatein,Laevatein,38,38,16,31,26,2,GTome,0,50%,70%,25%,55%,45%
NY!Laevatein,Laevatein,33,36,30,27,18,1,Staff,0,40%,60%,55%,45%,35%
NI!Laevatein,Laevatein,41,42,18,37,34,2,Axe,0,50%,70%,30%,70%,60%
Laevatein,Laevatein,39,37,31,34,22,0,Sword,0,50%,60%,55%,60%,40%
Lapis,Lapis,41,41,45,29,32,0,Sword,17,55%,75%,70%,50%,55%
Larcei,Larcei,41,36,40,30,25,0,Sword,4,55%,65%,70%,50%,40%
CF!Larcei,Larcei,40,39,42,33,28,0,Axe,4,50%,70%,70%,55%,50%
BR!Larum,Larum,38,32,40,26,31,2,Lance,6,45%,65%,70%,50%,55%
Larum,Larum,37,32,39,18,30,0,CDagger,6,45%,60%,70%,35%,60%
Laslow,Laslow,44,35,26,30,22,0,Sword,14,55%,60%,45%,55%,40%
Leanne,Leanne,36,27,37,16,34,2,CBeast,10,50%,50%,65%,30%,60%
Legault,Legault,39,31,38,24,19,0,CDagger,7,50%,55%,65%,40%,35%
Legion,Legion,46,36,35,22,18,0,Axe,12,60%,60%,60%,40%,35%
CF!Leif,Leif,40,40,41,27,20,1,CBow,5,50%,70%,70%,50%,40%
Leif,Leif,40,32,38,30,23,0,Sword,5,50%,60%,65%,50%,40%
L!Leif,Leif,40,38,22,29,27,1,CBow,776,50%,70%,45%,50%,45%
TH!Leila,Leila,40,38,43,20,25,2,RTome,7,50%,70%,70%,40%,45%
Leila,Leila,40,36,41,23,26,0,CDagger,7,50%,65%,70%,45%,45%
Lena,Lena,40,32,29,24,37,0,Staff,1,50%,55%,50%,45%,65%
Lene,Lene,35,28,35,23,28,0,Sword,4,45%,50%,65%,45%,50%
SP!Leo,Leo,37,33,21,27,28,1,GTome,14,50%,50%,35%,50%,50%
SU!Leo,Leo,37,32,27,16,35,0,RTome,14,45%,55%,50%,25%,65%
V!Leo,Leo,37,45,31,16,45,1,GBow,14,50%,70%,60%,30%,80%
Leo,Leo,39,29,22,25,30,1,RTome,14,50%,50%,40%,45%,50%
Leon,Leon,39,34,30,30,15,0,CBow,15,50%,60%,55%,50%,25%
SU!Leonie,Leonie,41,36,39,27,19,1,CBow,16,55%,65%,70%,45%,35%
Lethe,Lethe,41,33,38,26,19,1,RBeast,10,55%,55%,65%,50%,30%
NY!Lethe,Lethe,41,35,41,27,18,1,GBeast,10,55%,60%,70%,50%,30%
Letizia,Letizia,38,40,16,35,34,1,GTome,0,50%,70%,30%,60%,60%
Lewyn,Lewyn,38,34,37,17,25,0,GTome,4,50%,60%,60%,30%,45%
CF!Lewyn,Lewyn,40,38,40,19,34,0,BTome,4,50%,70%,70%,30%,60%
Lex,Lex,45,36,30,38,19,1,Axe,4,55%,65%,55%,65%,35%
Libra,Libra,40,35,32,28,29,0,Axe,13,50%,60%,55%,50%,50%
R!Líf,Líf,41,43,29,41,26,1,Sword,0,50%,70%,50%,75%,50%
Líf,Líf,42,38,30,34,29,0,Sword,0,55%,70%,50%,55%,50%
V!Líf,Líf,39,39,25,30,25,1,RTome,0,50%,70%,50%,50%,40%
Lifis,Lifis,47,36,40,30,23,0,Axe,5,65%,65%,65%,50%,40%
SU!Lilina,Lilina,35,38,25,16,35,1,RDagger,6,40%,70%,45%,30%,60%
BR!Lilina,Lilina,39,44,22,16,42,1,BTome,6,50%,80%,40%,30%,70%
V!Lilina,Lilina,34,35,30,20,26,1,GTome,6,40%,60%,50%,35%,50%
Lilina,Lilina,35,37,25,19,31,0,RTome,6,45%,65%,45%,35%,50%
L!Lilina,Lilina,39,42,21,16,40,1,RTome,6,50%,70%,35%,30%,75%
Lilith,Lilith,39,36,41,27,30,2,BDragon,14,50%,70%,75%,50%,55%
FA!Lilith,Lilith,39,40,43,29,33,2,RDragon,14,50%,75%,80%,55%,60%
Limstella,Limstella,41,39,23,32,36,0,GTome,7,55%,70%,40%,55%,60%
DE!Linde,Linde,37,44,45,16,27,1,RTome,1,50%,70%,75%,30%,55%
Linde,Linde,35,35,36,14,27,0,BTome,1,45%,60%,60%,25%,50%
SU!Linde,Linde,33,34,35,16,26,1,CDagger,1,40%,60%,60%,30%,45%
Linhardt,Linhardt,39,34,25,30,38,0,Staff,16,50%,60%,45%,50%,65%
Linus,Linus,42,37,33,32,19,0,Axe,7,55%,65%,55%,55%,35%
FA!Linus,Linus,42,46,43,36,20,0,Axe,7,55%,80%,70%,65%,35%
WI!Lissa,Lissa,43,33,30,35,34,3,Axe,13,50%,55%,50%,60%,60%
Lissa,Lissa,39,26,25,28,30,0,Staff,13,50%,45%,45%,50%,50%
V!Lissa,Lissa,42,35,25,37,40,3,Staff,13,55%,60%,40%,65%,70%
Lloyd,Lloyd,41,32,35,20,30,0,Sword,7,55%,55%,60%,35%,50%
SP!Loki,Loki,39,31,34,27,25,2,CBow,0,50%,55%,60%,50%,40%
Loki,Loki,42,33,35,16,25,0,Staff,0,55%,55%,60%,30%,45%
Lon'qu,Lon'qu,45,29,39,22,22,0,Sword,13,60%,50%,65%,40%,40%
SU!Lorenz,Lorenz,45,32,31,25,29,0,RTome,16,60%,55%,55%,45%,50%
BR!Louise,Louise,39,31,34,17,30,1,CBow,7,50%,55%,60%,30%,50%
Louise,Louise,41,37,42,16,36,0,CBow,7,50%,65%,75%,30%,60%
Lucia,Lucia,40,41,45,29,32,0,Sword,10,50%,70%,70%,55%,60%
B!Lucina,Lucina,41,34,36,27,19,0,Lance,13,55%,60%,60%,45%,35%
V!Lucina,Lucina,41,39,42,37,31,3,Axe,13,55%,70%,70%,60%,50%
Lucina,Lucina,43,34,36,25,19,0,Sword,13,55%,60%,60%,45%,35%
L!Lucina,Lucina,36,34,35,25,20,0,BBow,13,45%,60%,60%,45%,35%
SP!Lucina,Lucina,35,29,36,22,25,0,BTome,13,45%,50%,60%,40%,45%
Lucius,Lucius,37,32,30,13,35,0,Staff,7,45%,60%,50%,25%,60%
CH!Lucius,Lucius,38,45,31,17,47,0,Staff,7,50%,75%,55%,30%,80%
Ludveck,Ludveck,46,44,32,45,28,3,Axe,10,60%,70%,60%,70%,55%
Lugh,Lugh,37,35,36,17,31,0,GTome,6,45%,70%,55%,30%,55%
SP!Lukas,Lukas,51,37,21,42,22,3,Lance,15,60%,65%,35%,70%,45%
Lukas,Lukas,45,35,22,38,17,0,Lance,15,60%,60%,40%,65%,30%
Luke,Luke,43,34,28,30,20,1,Sword,12,55%,60%,50%,50%,35%
Lumera,Lumera,43,43,43,33,25,0,Sword,17,60%,70%,70%,55%,50%
Lute,Lute,33,36,32,16,34,0,BTome,8,40%,60%,55%,30%,60%
SU!Lute,Lute,37,35,34,17,32,2,BTome,8,45%,65%,60%,30%,55%
Luthier,Luthier,43,37,36,20,30,0,GTome,15,55%,65%,65%,30%,55%
SP!Luthier,Luthier,41,38,36,31,27,1,GTome,15,50%,70%,65%,55%,45%
FF!Lyn,Lyn,39,38,44,34,32,0,Lance,7,50%,70%,70%,60%,55%
B!Lyn,Lyn,35,33,35,18,28,1,CBow,7,45%,60%,60%,30%,50%
BR!Lyn,Lyn,39,28,34,23,24,0,Staff,7,50%,50%,55%,40%,45%
SU!Lyn,Lyn,37,33,38,20,27,2,BBow,7,45%,60%,65%,35%,50%
Lyn,Lyn,37,28,37,26,29,0,Sword,7,45%,50%,60%,45%,55%
L!Lyn,Lyn,36,31,36,21,27,0,GBow,7,45%,50%,60%,40%,50%
NI!Lyn,Lyn,40,38,42,21,26,2,CDagger,7,50%,70%,75%,35%,45%
V!Lyn,Lyn,37,31,36,27,34,3,BTome,7,45%,50%,60%,50%,55%
FA!Lyon,Lyon,40,40,16,32,35,0,GTome,8,50%,75%,30%,55%,55%
CH!Lyon,Lyon,38,38,18,34,37,0,BTome,8,45%,70%,30%,60%,65%
Lyon,Lyon,41,34,21,26,30,0,RTome,8,50%,55%,40%,50%,50%
SU!Lyon,Lyon,42,42,21,37,39,0,Sword,8,55%,70%,35%,65%,70%
NY!Lyre,Lyre,40,37,42,27,28,1,CBeast,10,50%,65%,70%,50%,50%
Lysithea,Lysithea,37,41,37,21,24,0,RTome,16,45%,70%,65%,40%,45%
B!Lysithea,Lysithea,40,40,39,21,25,0,RTome,16,50%,70%,70%,40%,40%
WI!Lysithea,Lysithea,38,42,40,19,23,1,CTome,16,50%,70%,70%,35%,45%
T!Lysithea,Lysithea,38,46,46,20,22,2,CTome,16,50%,80%,70%,40%,45%
Mae,Mae,35,36,31,16,30,0,BTome,15,45%,60%,55%,30%,50%
Malice,Malice,40,39,43,32,28,0,Sword,12,50%,70%,70%,55%,50%
Mamori,Mamori,43,37,24,42,33,3,Axe,69,55%,60%,45%,70%,55%
WI!Manuela,Manuela,42,37,42,38,31,3,Sword,16,55%,65%,70%,65%,50%
Marcia,Marcia,41,37,41,32,26,2,Lance,9,55%,65%,70%,55%,45%
A!Mareeta,Mareeta,40,40,43,34,25,0,Sword,5,50%,70%,75%,55%,45%
Mareeta,Mareeta,41,35,42,31,23,0,Sword,5,55%,60%,70%,50%,45%
FA!Mareeta,Mareeta,42,33,41,29,23,0,Sword,5,55%,55%,70%,50%,45%
Maria,Maria,36,27,34,19,32,0,Staff,1,45%,50%,60%,35%,50%
SP!Maria,Maria,35,37,40,40,25,2,Axe,1,45%,60%,65%,70%,50%
FA!Maria,Maria,37,44,45,16,35,0,Staff,1,50%,75%,70%,30%,65%
Marianne,Marianne,36,41,32,17,39,0,BTome,16,45%,70%,55%,30%,70%
B!Marianne,Marianne,38,40,41,17,35,0,CTome,16,50%,70%,70%,30%,60%
Maribelle,Maribelle,34,35,33,16,27,1,Staff,13,40%,60%,55%,30%,50%
Marisa,Marisa,46,30,36,30,21,0,Sword,8,65%,50%,60%,55%,35%
SP!Marisa,Marisa,42,33,38,28,21,2,Lance,8,55%,55%,70%,50%,35%
CH!Mark,Mark,40,44,27,20,46,0,BTome,7,50%,70%,55%,35%,80%
BR!Marth,Marth,40,31,36,30,20,1,Axe,1,50%,55%,60%,55%,35%
Marth,Marth,41,31,34,29,23,0,Sword,1,50%,55%,60%,50%,40%
!Marth,Marth,43,34,36,25,19,0,Sword,13,55%,60%,60%,45%,35%
L!Marth,Marth,40,34,36,32,21,0,Sword,1,50%,60%,60%,55%,40%
CH!Marth,Marth,41,36,37,32,26,0,Sword,1,50%,65%,65%,55%,45%
B!Marth,Marth,41,41,43,32,25,0,Sword,1,50%,70%,70%,55%,50%
WI!Marth,Marth,42,36,41,30,25,3,CBow,1,55%,60%,70%,50%,45%
Mathilda,Mathilda,35,29,32,24,34,1,Lance,15,45%,50%,55%,40%,60%
Matthew,Matthew,41,25,34,30,18,0,CDagger,7,55%,45%,55%,55%,30%
Matthis,Matthis,41,43,32,38,25,1,Lance,1,55%,75%,55%,65%,45%
Medeus,Medeus,40,44,18,38,43,0,CDragon,1,50%,75%,35%,60%,75%
Melady,Melady,41,40,33,41,17,2,Lance,6,50%,70%,60%,70%,30%
Mercedes,Mercedes,39,33,30,22,33,0,Staff,16,50%,55%,55%,40%,55%
SU!Mercedes,Mercedes,38,39,25,17,38,1,RTome,16,50%,70%,40%,30%,70%
Merlinus,Merlinus,50,20,35,31,27,1,CDagger,6,70%,35%,60%,55%,50%
CH!Merric,Merric,41,34,41,21,25,0,GTome,1,50%,60%,70%,35%,50%
Merric,Merric,43,26,32,28,19,0,GTome,1,55%,45%,55%,50%,35%
CH!Mia,Mia,40,41,43,32,27,0,Sword,9,50%,70%,75%,50%,50%
SU!Mia,Mia,38,35,41,17,25,1,CDagger,10,50%,65%,70%,30%,45%
Mia,Mia,38,32,40,28,25,0,Sword,9,50%,55%,65%,50%,45%
H!Mia,Mia,36,30,34,22,28,2,Staff,10,45%,55%,55%,40%,50%
BR!Micaiah,Micaiah,39,39,20,19,38,2,CTome,10,50%,70%,35%,35%,65%
Micaiah,Micaiah,35,35,28,18,35,0,BTome,10,45%,60%,50%,30%,60%
B!Micaiah,Micaiah,36,37,28,17,37,2,GTome,10,45%,70%,50%,30%,60%
L!Micaiah,Micaiah,38,42,31,19,41,0,CTome,10,50%,70%,55%,35%,70%
DA!Micaiah,Micaiah,33,34,20,18,34,0,RTome,10,45%,60%,35%,35%,65%
SU!Micaiah,Micaiah,38,42,30,16,37,1,CTome,10,50%,70%,55%,30%,65%
Michalis,Michalis,43,34,26,35,19,2,Axe,1,55%,60%,45%,60%,35%
SP!Michalis,Michalis,43,45,32,47,17,2,Lance,1,55%,80%,55%,80%,30%
Midori,Midori,41,41,30,34,21,0,RBow,14,55%,70%,55%,55%,40%
Mikoto,Mikoto,38,35,32,20,26,0,Staff,14,50%,60%,55%,35%,45%
Mila,Mila,41,37,17,40,37,0,CDragon,15,50%,60%,30%,70%,70%
CH!Minerva,Minerva,40,36,37,35,19,2,Axe,1,50%,65%,65%,55%,35%
Minerva,Minerva,40,31,33,32,22,2,Axe,1,50%,55%,55%,55%,40%
SP!Minerva,Minerva,41,36,38,35,18,1,Lance,1,50%,65%,70%,60%,30%
Mirabilis,Mirabilis,38,34,18,32,35,2,Sword,0,50%,60%,30%,60%,65%
WI!Mirabilis,Mirabilis,39,36,17,34,36,2,BDagger,0,50%,65%,30%,65%,70%
Miranda,Miranda,38,36,35,21,36,0,RTome,5,50%,60%,60%,40%,60%
Miriel,Miriel,37,37,40,25,31,0,BTome,13,45%,65%,70%,45%,55%
Mist,Mist,39,27,28,20,34,0,Staff,9,50%,45%,50%,35%,60%
V!Mist,Mist,36,34,34,17,23,1,GTome,9,45%,55%,60%,30%,45%
Monica,Monica,40,38,43,24,31,0,BTome,16,50%,70%,70%,45%,55%
FF!Mordecai,Mordecai,48,43,29,43,24,0,GBeast,10,65%,70%,50%,75%,45%
Mordecai,Mordecai,47,37,24,39,20,0,BBeast,10,65%,60%,45%,70%,35%
FA!F!Morgan,Morgan,40,39,17,41,35,2,Axe,13,50%,70%,30%,70%,60%
FA!M!Morgan,Morgan,38,37,17,35,38,0,RTome,13,45%,60%,30%,65%,70%
M!Morgan,Morgan,37,33,34,20,26,0,RTome,13,45%,60%,60%,35%,45%
F!Morgan,Morgan,37,34,30,16,33,2,BTome,13,45%,60%,55%,30%,55%
FA!Muarim,Muarim,45,43,40,31,23,0,BBeast,10,60%,75%,70%,50%,40%
Murdock,Murdock,47,45,23,45,35,3,Axe,6,60%,70%,45%,75%,65%
Múspell,Múspell,40,41,16,39,37,1,RDragon,0,50%,70%,30%,70%,65%
FF!Múspell,Múspell,40,43,26,41,30,1,CDragon,0,50%,70%,50%,75%,50%
Mustafa,Mustafa,45,38,25,36,28,0,Axe,13,60%,65%,45%,60%,50%
Myrrh,Myrrh,42,33,25,36,31,2,GDragon,8,60%,60%,45%,75%,55%
L!Myrrh,Myrrh,40,39,25,42,36,2,BDragon,8,50%,70%,45%,85%,70%
H!Myrrh,Myrrh,46,38,23,40,32,3,RDragon,8,60%,70%,45%,75%,55%
SP!Myrrh,Myrrh,40,38,25,40,35,2,CDragon,8,50%,70%,50%,75%,65%
PI!Naesala,Naesala,42,39,43,23,25,2,RBeast,10,55%,70%,70%,35%,50%
Naesala,Naesala,39,32,38,24,29,2,BBeast,10,50%,55%,65%,45%,50%
Naga,Naga,37,30,36,33,26,2,BDragon,73,45%,55%,60%,55%,50%
H!Naga,Naga,38,42,31,35,37,2,CDragon,73,50%,70%,55%,60%,65%
Nagi,Nagi,46,37,19,36,41,3,GDragon,12,50%,60%,35%,70%,70%
Nah,Nah,44,34,25,38,32,0,RDragon,13,60%,65%,45%,75%,60%
BR!Nailah,Nailah,40,35,41,31,25,0,GBeast,10,50%,60%,70%,55%,45%
DE!Nailal,Nailah,40,39,43,35,25,0,RBeast,10,50%,70%,75%,55%,45%
Nailah,Nailah,40,31,37,32,23,0,BBeast,10,50%,55%,60%,55%,45%
L!Nanna,Nanna,40,39,42,27,25,1,Sword,5,50%,70%,70%,50%,45%
CF!Nanna,Nanna,40,35,41,23,28,2,Staff,5,50%,60%,70%,45%,50%
Nanna,Nanna,36,27,34,21,26,1,Staff,5,45%,50%,60%,35%,45%
SP!Narcian,Narcian,43,35,34,37,18,2,Lance,6,55%,55%,55%,70%,35%
Narcian,Narcian,42,29,29,32,26,2,Axe,6,55%,50%,50%,55%,45%
Natasha,Natasha,37,36,32,24,36,0,Staff,8,45%,65%,55%,40%,65%
NI!Navarre,Navarre,41,39,42,31,23,0,Lance,1,50%,70%,70%,55%,40%
Navarre,Navarre,42,31,37,23,24,0,Sword,1,55%,55%,60%,40%,45%
Neimi,Neimi,39,39,42,21,35,0,RBow,8,50%,70%,70%,40%,60%
Nemesis,Nemesis,43,39,23,37,34,0,Sword,16,60%,65%,40%,60%,60%
Nephenee,Nephenee,37,31,35,34,20,0,Lance,9,45%,55%,60%,60%,35%
DA!Nephenee,Nephenee,37,35,36,24,25,0,CBow,9,50%,60%,65%,45%,50%
Nerþuz,Nerþuz,40,42,47,30,20,1,BBeast,0,50%,70%,75%,60%,40%
Nifl,Nifl,39,38,40,27,23,1,BDragon,0,50%,70%,70%,45%,40%
SU!Nifl,Nifl,39,38,43,28,26,1,CDragon,0,50%,65%,70%,50%,50%
Niime,Niime,36,42,33,17,43,0,CTome,6,45%,70%,60%,30%,75%
Niles,Niles,37,25,34,17,34,0,CBow,14,45%,45%,60%,30%,60%
H!Niles,Niles,37,34,39,25,29,3,BBow,14,45%,55%,65%,45%,50%
Nils,Nils,45,31,35,26,25,0,BDragon,7,65%,55%,60%,50%,45%
H!Nils,Nils,44,35,41,21,35,0,GDragon,7,65%,65%,70%,40%,60%
Nina,Nina,35,32,37,16,31,0,CBow,14,45%,55%,60%,30%,55%
TH!Nina,Nina,38,37,43,18,32,1,CDagger,14,50%,70%,70%,35%,55%
BR!Ninian,Ninian,34,28,33,18,27,2,BTome,7,45%,50%,60%,35%,50%
FA!Ninian,Ninian,45,27,40,23,36,0,BDragon,7,60%,55%,70%,40%,65%
L!Ninian,Ninian,44,37,41,22,24,1,GDragon,7,65%,70%,75%,40%,40%
Ninian,Ninian,42,24,33,23,27,0,BDragon,7,60%,45%,60%,40%,50%
WI!Nino,Nino,40,35,41,22,31,3,BTome,7,50%,55%,70%,45%,50%
P!Nino,Nino,36,33,38,17,25,2,GTome,7,45%,60%,65%,30%,45%
Nino,Nino,33,33,36,19,26,0,GTome,7,40%,60%,60%,35%,45%
DE!Nino,Nino,38,41,46,20,32,0,RTome,7,50%,70%,75%,35%,60%
Noah,Noah,40,45,45,31,18,1,Lance,6,50%,70%,80%,60%,35%
SU!Noire,Noire,36,32,36,27,20,0,CBow,13,45%,55%,60%,50%,35%
SU!Norne,Norne,42,37,39,31,27,0,Lance,12,55%,65%,70%,50%,45%
Norne,Norne,42,32,36,31,27,0,CBow,12,55%,55%,60%,55%,50%
Nótt,Nótt,40,41,40,28,27,0,Lance,0,50%,70%,70%,50%,45%
H!Nowi,Nowi,34,34,32,20,27,2,RTome,13,40%,60%,60%,35%,45%
Nowi,Nowi,45,34,27,30,27,0,BDragon,13,65%,65%,50%,55%,50%
Nyna,Nyna,40,34,41,23,38,0,Staff,3,50%,60%,70%,40%,70%
Nyx,Nyx,36,42,40,19,28,0,RTome,14,45%,70%,70%,35%,50%
BR!Oboro,Oboro,42,39,35,40,16,0,Sword,14,55%,70%,55%,70%,30%
Oboro,Oboro,40,32,26,35,24,0,Lance,14,50%,55%,45%,60%,45%
Odin,Odin,43,22,32,25,25,0,BTome,14,55%,40%,55%,45%,45%
SU!Ogma,Ogma,44,38,38,35,21,0,Lance,1,60%,70%,65%,55%,35%
Ogma,Ogma,47,35,34,28,13,0,Sword,1,60%,65%,55%,50%,25%
Oliver,Oliver,42,32,20,23,34,0,BTome,10,55%,55%,35%,40%,60%
Olivia,Olivia,36,28,33,27,26,0,Sword,13,45%,50%,60%,50%,50%
DA!Olivia,Olivia,34,28,34,16,28,0,CDagger,13,45%,50%,60%,30%,55%
P!Olivia,Olivia,36,30,34,26,23,2,Sword,13,45%,55%,60%,50%,45%
Olwen,Olwen,34,26,34,20,30,1,BTome,5,40%,45%,60%,35%,55%
P!Olwen,Olwen,34,30,35,19,27,1,GTome,5,40%,50%,60%,35%,50%
Ophelia,Ophelia,38,37,33,20,23,0,BTome,14,50%,70%,55%,35%,35%
R!Ophelia,Ophelia,39,44,36,25,32,0,RTome,14,50%,70%,65%,45%,60%
Orochi,Orochi,40,40,24,24,37,0,GTome,14,50%,70%,45%,40%,65%
FA!Orson,Orson,43,38,28,36,23,1,Lance,8,55%,65%,50%,60%,45%
Oscar,Oscar,40,33,34,26,21,1,Lance,9,50%,60%,60%,45%,35%
Osian,Osian,42,35,36,33,27,0,Axe,5,55%,60%,60%,55%,50%
Ótr,Ótr,41,41,17,40,35,1,Axe,0,55%,70%,30%,75%,55%
Owain,Owain,41,32,37,31,22,0,Sword,13,55%,55%,65%,55%,35%
V!Owain,Owain,41,38,42,31,21,1,Lance,13,55%,70%,70%,55%,35%
SP!Palla,Palla,38,37,34,17,29,2,RDagger,1,45%,70%,55%,30%,55%
Palla,Palla,42,31,31,28,26,2,Sword,1,55%,55%,50%,50%,45%
P!Palla,Palla,41,42,21,41,28,2,Sword,15,50%,70%,35%,75%,50%
CH!Palla,Palla,40,39,31,33,24,2,Lance,1,50%,70%,50%,60%,40%
Panne,Panne,41,29,34,30,23,1,BBeast,7,55%,50%,55%,50%,45%
NY!Panne,Panne,40,41,44,32,21,1,RBeast,7,50%,70%,70%,65%,40%
Pelleas,Pelleas,43,40,36,21,31,0,RTome,10,55%,70%,65%,40%,50%
BR!Pent,Pent,37,33,34,19,21,1,BTome,7,45%,60%,60%,35%,35%
Pent,Pent,40,38,39,19,30,0,GTome,7,50%,70%,70%,30%,50%
NY!Peony,Peony,38,34,40,16,23,2,GTome,0,50%,65%,70%,30%,45%
Peony,Peony,38,31,36,16,24,2,BTome,0,50%,60%,65%,30%,45%
Perceval,Perceval,38,32,37,28,27,1,Lance,6,50%,55%,65%,45%,50%
Peri,Peri,35,33,33,23,30,1,Lance,14,45%,55%,55%,40%,55%
Petra,Petra,40,32,38,25,20,2,BDagger,16,50%,60%,65%,45%,35%
Petrine,Petrine,42,35,37,30,24,1,Lance,9,55%,60%,65%,50%,45%
Phila,Phila,38,37,42,26,40,2,Lance,13,50%,65%,70%,50%,65%
Phina,Phina,40,35,37,26,23,0,Sword,1,55%,65%,65%,45%,45%
Plumeria,Plumeria,41,40,18,16,37,2,RTome,0,55%,70%,30%,30%,75%
NY!Plumeria,Plumeria,41,42,17,18,39,2,CBow,0,55%,70%,30%,35%,80%
Priam,Priam,40,41,40,35,26,0,Sword,13,50%,70%,70%,55%,50%
Priscilla,Priscilla,36,29,29,19,32,1,Staff,7,45%,50%,50%,35%,55%
Python,Python,38,32,35,31,20,1,GBow,15,45%,60%,65%,55%,35%
DA!Quan,Quan,40,41,20,36,20,2,BBow,4,55%,75%,35%,70%,35%
Quan,Quan,44,37,29,31,16,1,Lance,4,55%,60%,55%,55%,30%
BR!Rafiel,Rafiel,38,28,35,20,41,0,BBeast,10,50%,55%,65%,35%,70%
Raigh,Raigh,36,32,29,22,29,0,RTome,6,45%,55%,50%,40%,50%
Ranulf,Ranulf,40,30,37,33,17,1,GBeast,10,55%,50%,60%,60%,30%
DE!Raphael,Raphael,48,42,28,38,23,3,CBow,16,65%,70%,50%,65%,40%
Rath,Rath,41,33,35,23,24,1,GBow,7,55%,60%,65%,35%,45%
Raven,Raven,41,34,35,25,22,0,Axe,7,50%,60%,60%,45%,40%
Rebecca,Rebecca,37,29,34,21,27,0,CBow,7,45%,50%,60%,35%,50%
CH!Rebecca,Rebecca,39,44,45,22,33,0,CBow,7,50%,75%,75%,45%,55%
NY!Reginn,Reginn,37,38,40,23,24,1,BTome,0,50%,65%,70%,40%,45%
Reginn,Reginn,38,36,40,30,24,1,Sword,0,50%,60%,70%,50%,45%
DA!Reinhardt,Reinhardt,38,34,21,27,25,2,GTome,5,50%,60%,40%,55%,45%
Reinhardt,Reinhardt,38,32,23,27,25,1,BTome,5,50%,55%,40%,50%,40%
P!Reinhardt,Reinhardt,40,35,23,31,28,1,Sword,5,50%,60%,40%,55%,50%
Rennac,Rennac,39,37,42,34,25,0,GDagger,8,50%,70%,70%,50%,50%
Reyson,Reyson,37,29,34,24,26,2,GBeast,10,50%,50%,60%,45%,50%
Rhajat,Rhajat,36,35,34,21,24,0,GTome,14,45%,60%,60%,40%,40%
Rhea,Rhea,40,44,16,42,46,0,CDragon,16,50%,75%,30%,80%,70%
FA!Rhea,Rhea,46,43,18,40,43,3,CDragon,16,60%,70%,30%,70%,75%
H!Rhea,Rhea,40,43,18,39,42,0,GDragon,16,50%,75%,30%,70%,70%
SU!Rhys,Rhys,44,34,27,21,36,0,Staff,10,60%,55%,50%,40%,60%
TH!Rickard,Rickard,38,38,42,33,25,2,Sword,1,45%,70%,70%,60%,45%
Ricken,Ricken,40,43,39,24,30,0,GTome,13,55%,70%,70%,45%,50%
Riev,Riev,43,39,25,23,40,0,BTome,8,55%,65%,45%,45%,70%
DA!Rinea,Rinea,38,30,33,23,28,0,BTome,15,50%,55%,60%,45%,50%
FF!Rinkah,Rinkah,40,37,41,44,25,0,Sword,14,50%,65%,70%,70%,50%
Rinkah,Rinkah,40,34,39,41,18,0,Axe,14,50%,60%,70%,70%,30%
L!M!Robin,Robin,40,45,30,31,31,0,GTome,13,50%,70%,55%,60%,55%
H!M!Grima,Robin,46,43,21,43,37,3,CDragon,13,60%,75%,40%,70%,60%
H!F!Grima,Robin,40,40,17,37,38,2,GDragon,13,50%,70%,30%,60%,70%
M!Grima,Robin,48,40,24,35,27,3,GDragon,13,55%,70%,40%,60%,50%
R!F!Grima,Robin,43,41,44,35,33,3,CDragon,13,60%,70%,75%,60%,50%
L!F!Grima,Robin,40,32,35,30,25,2,CDragon,13,55%,55%,60%,50%,45%
WI!M!Robin,Robin,45,35,34,35,25,3,Lance,13,50%,60%,60%,60%,45%
M!Robin,Robin,40,29,29,29,22,0,BTome,13,50%,50%,50%,50%,40%
BR!Robin,Robin,40,46,35,23,24,1,RTome,13,50%,80%,65%,45%,40%
F!Robin,Robin,40,29,29,29,22,0,GTome,13,50%,50%,50%,50%,40%
SU!F!Robin,Robin,35,32,34,28,29,0,Lance,13,40%,55%,60%,50%,50%
V!F!Robin,Robin,42,41,16,39,42,3,CTome,13,50%,70%,30%,65%,75%
B!M!Robin,Robin,40,46,45,35,27,1,Sword,13,50%,80%,70%,65%,50%
Roderick,Roderick,40,31,34,25,24,1,Lance,12,50%,55%,60%,45%,40%
H!Rolf,Rolf,40,30,36,28,23,1,CBow,9,50%,55%,60%,50%,45%
Ronan,Ronan,38,34,40,17,42,0,BBow,5,45%,60%,65%,30%,80%
Roshea,Roshea,41,38,35,38,21,1,Lance,1,55%,65%,60%,65%,40%
Ross,Ross,47,38,31,32,24,0,Axe,8,70%,70%,55%,65%,45%
BR!Roy,Roy,39,38,42,30,25,1,Axe,6,50%,65%,75%,50%,45%
L!Roy,Roy,39,34,38,32,26,0,Sword,6,50%,55%,65%,55%,50%
B!Roy,Roy,38,32,34,26,24,1,Sword,6,50%,55%,60%,45%,40%
Roy,Roy,44,30,31,25,28,0,Sword,6,55%,50%,50%,45%,55%
V!Roy,Roy,34,35,19,27,30,1,CBow,6,40%,60%,30%,50%,55%
VA!Rudolf,Rudolf,46,43,21,41,29,3,Lance,15,50%,75%,40%,70%,50%
Rutger,Rutger,44,32,39,29,24,0,Sword,6,55%,55%,70%,50%,45%
DA!Ryoma,Ryoma,36,32,34,21,17,0,BDagger,14,50%,60%,60%,40%,30%
Ryoma,Ryoma,41,34,35,27,21,0,Sword,14,50%,60%,55%,50%,40%
HS!Ryoma,Ryoma,40,35,36,28,23,2,Lance,14,50%,55%,60%,55%,45%
L!Ryoma,Ryoma,41,34,39,28,20,2,Sword,14,55%,60%,65%,50%,35%
Saber,Saber,40,31,33,32,22,0,Sword,15,50%,55%,55%,55%,40%
Saias,Saias,36,33,30,18,34,0,BTome,5,45%,60%,50%,30%,60%
Sain,Sain,40,42,38,36,18,1,Lance,7,50%,75%,65%,60%,35%
Saizo,Saizo,36,29,34,33,16,0,CDagger,14,45%,50%,60%,55%,30%
H!Sakura,H!Sakura,33,32,34,14,34,0,CDagger,14,40%,55%,60%,25%,60%
HS!Sakura,HS!Sakura,36,35,32,26,21,2,Staff,14,45%,60%,55%,50%,35%
Sakura,Sakura,36,28,30,24,30,0,Staff,14,45%,50%,50%,45%,50%
SP!Saleh,Saleh,41,37,36,26,28,1,Axe,8,50%,65%,65%,45%,50%
Salem,Salem,41,38,36,18,38,0,RTome,5,55%,65%,60%,35%,65%
BR!Sanaki,Sanaki,35,36,30,16,33,2,GTome,9,45%,60%,50%,30%,60%
Sanaki,Sanaki,33,37,26,17,34,0,RTome,10,40%,65%,45%,30%,60%
Sara,Sara,35,40,37,16,37,0,Staff,5,45%,70%,65%,30%,60%
Saul,Saul,37,40,44,16,40,0,Staff,6,50%,65%,80%,30%,65%
BR!Saul,BR!Saul,37,33,37,16,35,1,Staff,6,50%,50%,60%,30%,70%
Say'ri,Say'ri,40,35,40,23,34,0,Sword,13,50%,60%,70%,40%,60%
BR!Say'ri,Say'ri,40,44,46,28,26,2,Lance,13,50%,70%,80%,50%,50%
Scáthach,Scáthach,43,42,30,43,24,0,Sword,4,55%,70%,50%,75%,45%
Sedgar,Sedgar,41,36,39,27,24,1,GBow,0,55%,65%,70%,45%,45%
Seiðr,Seiðr,39,43,30,17,40,1,GTome,16,50%,70%,55%,30%,75%
Seiros,Seiros,40,42,18,37,40,0,BDragon,16,50%,75%,30%,65%,65%
F!Selena,Selena,37,25,35,32,28,0,Sword,14,45%,45%,60%,55%,50%
SS!Selena,Selena,40,39,39,16,23,1,BTome,8,50%,70%,70%,30%,40%
SU!SS!Selena,Selena,36,37,37,17,23,1,GTome,8,45%,70%,70%,30%,35%
B!Seliph,Seliph,40,43,41,37,18,1,Sword,4,50%,75%,70%,70%,30%
Seliph,Seliph,47,34,24,30,22,0,Sword,4,65%,60%,40%,50%,40%
L!Seliph,Seliph,41,41,17,37,26,1,Sword,4,50%,70%,30%,65%,50%
Selkie,Selkie,35,29,38,19,35,1,BBeast,14,45%,50%,65%,35%,60%
NY!Selkie,Selkie,35,31,39,16,40,1,CBeast,14,45%,55%,65%,30%,70%
WI!Sephiran,Sephiran,43,42,21,29,40,3,Staff,9,55%,75%,30%,50%,70%
Serra,Serra,33,30,31,21,33,0,Staff,7,40%,55%,50%,40%,55%
Seteth,Seteth,44,36,36,32,24,2,Lance,16,60%,60%,65%,55%,40%
Seth,Seth,37,32,31,32,22,1,Sword,8,45%,55%,55%,55%,40%
SU!Seth,Seth,40,40,38,31,24,1,Axe,8,50%,70%,70%,50%,45%
Setsuna,Setsuna,37,28,37,22,23,0,CBow,14,45%,50%,65%,40%,40%
SP!Severa,Severa,39,37,40,24,17,1,RTome,13,50%,65%,70%,45%,30%
Shamir,Shamir,41,40,40,25,24,0,GBow,16,50%,70%,70%,45%,45%
NI!Shamir,Shamir,42,37,40,31,32,0,Axe,16,55%,65%,70%,50%,55%
SU!Shamir,Shamir,40,43,46,25,20,1,BBow,16,50%,70%,80%,50%,40%
BR!Shanna,Shanna,37,38,42,23,27,2,RBow,6,45%,70%,75%,35%,50%
Shanna,Shanna,39,30,35,25,29,2,Lance,6,50%,50%,60%,45%,50%
Shannan,Shannan,43,38,36,37,18,0,Sword,4,55%,70%,65%,60%,30%
Sharena,Sharena,43,32,32,29,22,0,Lance,0,55%,55%,55%,50%,40%
SP!Sharena,Sharena,37,32,36,16,30,0,GTome,0,45%,55%,60%,30%,55%
Sheena,Sheena,45,30,25,36,33,3,Axe,1,55%,50%,45%,55%,60%
F!Shez,Shez,38,41,42,32,34,0,Axe,16,50%,70%,70%,55%,60%
M!Shez,Shez,40,43,41,37,26,0,Sword,16,50%,70%,70%,65%,50%
L!F!Shez,Shez,40,43,44,31,25,0,BDagger,16,50%,70%,75%,55%,50%
SU!F!Shez,Shez,40,46,45,30,18,1,Sword,16,50%,70%,80%,60%,35%
SU!M!Shez,Shez,41,44,44,31,23,2,Lance,16,50%,80%,70%,55%,45%
DA!Shigure,Shigure,34,31,29,21,24,0,BTome,14,45%,55%,55%,40%,45%
Shigure,Shigure,40,33,37,27,25,2,Lance,14,50%,60%,65%,50%,40%
Shinon,Shinon,40,38,42,27,24,0,CBow,9,50%,65%,70%,50%,45%
NI!Shinon,NI!Shinon,40,40,43,28,26,0,RBow,10,50%,70%,70%,50%,50%
Shiro,Shiro,41,35,30,35,22,0,Lance,14,50%,60%,55%,60%,40%
Siegbert,Siegbert,41,34,35,31,16,1,Sword,14,50%,60%,60%,55%,30%
Sigrun,Sigrun,37,32,36,28,34,2,Lance,9,45%,55%,60%,55%,55%
BR!Sigrun,Sigrun,35,31,38,27,31,2,Sword,9,45%,55%,60%,50%,55%
DA!Sigurd,Sigurd,38,38,18,16,37,1,RTome,4,50%,70%,35%,30%,70%
L!Sigurd,Sigurd,41,41,23,37,26,1,Sword,4,50%,70%,40%,65%,50%
Sigurd,Sigurd,41,35,32,34,17,1,Sword,4,50%,60%,55%,65%,30%
T!Sigurd,Sigurd,40,46,31,35,16,1,BTome,4,50%,70%,60%,70%,30%
Silas,Silas,40,35,24,36,21,1,Lance,14,50%,60%,45%,60%,40%
Silque,Silque,39,33,23,35,31,0,Staff,15,50%,55%,45%,70%,45%
V!Silque,Silque,40,28,22,32,29,1,Staff,15,55%,45%,45%,55%,50%
Silvia,Silvia,40,27,36,17,30,0,Sword,4,55%,50%,65%,30%,55%
Sirius,Sirius,40,34,37,35,16,1,Lance,1,50%,60%,65%,60%,30%
Soleil,Soleil,37,38,35,28,24,0,Sword,14,45%,65%,60%,50%,45%
Solon,Solon,45,38,20,24,38,0,RTome,16,60%,65%,35%,45%,65%
Sonia,Sonia,40,35,24,32,35,0,BTome,7,50%,60%,45%,55%,60%
SP!Sonya,Sonya,40,42,41,23,20,2,GTome,15,50%,70%,70%,45%,40%
Sonya,Sonya,36,33,31,15,32,0,GTome,15,45%,60%,55%,25%,55%
H!Sophia,Sophia,37,38,23,27,42,2,BTome,6,45%,65%,40%,50%,75%
Sophia,Sophia,40,33,19,28,29,0,RTome,6,50%,55%,35%,50%,50%
BR!Sophia,Sophia,38,40,19,36,34,2,RTome,6,50%,70%,35%,70%,50%
V!Soren,Soren,37,35,33,14,25,1,BTome,9,45%,60%,55%,25%,50%
CH!Soren,Soren,36,42,34,16,43,0,CTome,9,45%,70%,60%,30%,75%
Soren,Soren,36,33,33,17,29,0,GTome,9,45%,60%,55%,30%,50%
B!Soren,Soren,40,45,34,16,47,0,GTome,10,50%,70%,70%,30%,80%
DE!Soren,Soren,38,43,34,18,45,0,BTome,10,50%,75%,60%,30%,75%
TH!Sothe,Sothe,41,39,41,28,23,2,GDagger,10,55%,70%,70%,50%,40%
Sothe,Sothe,39,36,33,22,21,0,CDagger,10,50%,60%,55%,40%,40%
H!Sothis,Sothis,40,36,42,31,34,2,BDragon,16,50%,70%,75%,55%,70%
Sothis,Sothis,41,34,39,32,27,0,RDragon,16,55%,65%,70%,60%,55%
WI!Sothis,Sothis,44,35,41,30,35,3,GDragon,16,60%,70%,75%,50%,60%
Stahl,Stahl,45,31,26,30,22,1,Sword,13,60%,55%,45%,50%,40%
Subaki,Subaki,40,25,35,35,22,2,Lance,14,50%,45%,60%,60%,40%
Sue,Sue,36,32,38,23,20,1,GBow,6,45%,55%,65%,45%,35%
Sully,Sully,42,26,34,24,28,1,Lance,13,55%,45%,60%,40%,50%
Sumia,Sumia,39,30,39,29,25,2,Lance,13,50%,55%,65%,50%,45%
PI!Surtr,Surtr,45,45,16,44,36,3,Lance,0,55%,75%,30%,75%,60%
Surtr,Surtr,50,39,17,40,33,3,Axe,0,75%,70%,30%,70%,60%
Sylvain,Sylvain,40,44,35,37,23,1,Axe,16,50%,75%,55%,70%,45%
SU!Sylvain,Sylvain,42,32,35,27,16,1,GTome,16,55%,55%,60%,50%,30%
Syrene,Syrene,37,39,45,21,41,2,Sword,8,50%,75%,70%,35%,70%
Tailtiu,Tailtiu,39,32,35,17,25,0,BTome,4,50%,55%,60%,30%,45%
T!Tailiu,Tailtiu,39,42,44,21,31,0,GTome,4,50%,70%,80%,40%,50%
FA!Takumi,Takumi,37,31,34,25,24,0,CBow,14,50%,50%,55%,45%,45%
SU!Takumi,Takumi,40,35,35,21,19,2,CBow,14,50%,60%,65%,35%,35%
NY!Takumi,Takumi,40,34,34,17,27,0,CDagger,14,50%,60%,55%,30%,50%
V!Takumi,Takumi,40,40,46,28,31,3,BTome,14,50%,70%,70%,55%,55%
Takumi,Takumi,40,32,33,25,18,0,CBow,14,50%,55%,60%,45%,30%
CH!Tana,Tana,40,39,41,29,23,2,Lance,8,50%,70%,70%,50%,40%
SU!Tana,Tana,35,33,36,20,25,2,RTome,8,45%,60%,60%,35%,45%
R!Tana,Tana,40,45,47,22,23,2,CBow,8,50%,70%,90%,40%,45%
FF!Tana,Tana,39,39,42,26,32,2,GDagger,8,50%,70%,70%,50%,55%
Tana,Tana,36,34,36,25,25,2,Lance,8,45%,60%,60%,45%,45%
Tanith,Tanith,41,36,40,32,28,2,Sword,9,55%,65%,70%,55%,45%
BR!Tanith,Tanith,37,34,36,33,21,2,Lance,9,45%,60%,60%,60%,40%
Tanya,Tanya,41,30,37,25,28,0,CBow,5,55%,55%,65%,45%,45%
Tatiana,Tatiana,40,37,34,15,39,0,BTome,15,50%,65%,60%,25%,70%
Tethys,Tethys,38,27,35,23,34,0,CDagger,8,50%,50%,60%,45%,65%
WI!Tharja,Tharja,43,34,18,34,36,3,RTome,13,55%,55%,30%,60%,60%
Tharja,Tharja,39,32,34,23,20,0,RTome,13,50%,55%,60%,40%,35%
DE!Tharja,Tharja,40,39,41,19,22,2,GTome,13,50%,70%,70%,35%,40%
BR!Tharja,Tharja,39,35,35,21,21,0,RTome,13,50%,60%,60%,35%,40%
SU!Tharja,Tharja,40,45,44,19,20,1,BTome,13,55%,80%,70%,35%,40%
Thea,Thea,37,31,35,31,28,2,Lance,6,45%,60%,55%,55%,50%
SU!Thórr,Thórr,40,43,16,30,38,2,BTome,0,50%,70%,30%,55%,70%
Thórr,Thórr,40,44,19,41,34,2,Axe,0,50%,75%,35%,70%,60%
Thrasir,Thrasir,40,33,39,23,27,0,GTome,0,50%,55%,70%,40%,50%
Tibarn,Tibarn,41,38,31,34,18,2,RBeast,10,50%,65%,55%,60%,35%
PI!Tibarn,Tibarn,42,41,30,36,18,2,CBeast,10,50%,70%,55%,60%,35%
A!Y!Tiki,Tiki,38,42,44,32,36,0,RDragon,1,55%,80%,70%,60%,70%
SU!Y!Tiki,Tiki,40,33,37,32,26,2,RDragon,1,55%,60%,75%,55%,50%
BR!A!Tiki,Tiki,42,42,26,40,45,3,CDragon,13,55%,70%,45%,75%,70%
Y!Tiki,Tiki,41,31,30,32,29,0,RDragon,1,60%,60%,60%,55%,50%
B!A!Tiki,Tiki,40,43,27,37,41,0,GDragon,13,50%,75%,50%,60%,70%
H!Y!Tiki,Tiki,39,39,42,32,25,2,BDragon,1,55%,70%,75%,65%,45%
L!Y!Tiki,Tiki,45,34,35,37,29,3,BDragon,1,65%,55%,55%,75%,55%
A!Tiki,Tiki,40,35,23,35,24,0,RDragon,13,50%,65%,40%,60%,40%
SU!A!Tiki,Tiki,35,36,30,32,24,0,Axe,13,40%,65%,55%,55%,40%
FA!Y!Tiki,Tiki,45,36,34,37,28,3,CDragon,1,65%,60%,55%,75%,50%
Tine,Tine,38,42,42,23,26,0,CTome,4,50%,75%,70%,40%,45%
Titania,Titania,37,28,34,25,30,1,Axe,9,45%,50%,60%,45%,50%
V!Tatania,Titania,35,30,33,17,30,1,RTome,9,45%,50%,55%,30%,55%
Tobin,Tobin,46,31,27,33,26,0,Sword,15,65%,55%,50%,65%,50%
Travant,Travant,46,36,26,40,18,2,Lance,4,60%,65%,45%,70%,30%
Triandra,Triandra,38,37,38,16,22,2,GTome,0,50%,70%,70%,30%,40%
SP!Triandra,Triandra,37,43,46,18,18,2,CTome,0,50%,70%,90%,35%,35%
Tsubasa,Tsubasa,39,32,40,26,30,2,Lance,69,50%,55%,70%,45%,50%
Ullr,Ullr,39,42,41,30,19,0,BBow,4,50%,70%,70%,55%,35%
Ursula,Ursula,35,29,32,19,30,1,BTome,7,45%,50%,55%,35%,50%
SU!Ursula,Ursula,36,36,34,16,28,1,CDagger,7,45%,60%,60%,30%,50%
DE!Ursula,Ursula,40,42,46,18,22,1,GTome,7,50%,70%,80%,35%,45%
Valbar,Valbar,49,35,25,38,26,3,Lance,15,65%,55%,45%,70%,40%
Valter,Valter,42,32,31,34,19,2,Lance,8,55%,55%,50%,60%,35%
Vanessa,Vanessa,39,40,43,27,34,2,Lance,5,50%,65%,70%,50%,65%
Veld,Veld,43,38,26,22,36,0,RTome,14,55%,65%,45%,40%,65%
NY!Velouria,Velouria,41,38,40,34,23,0,BBeast,14,50%,65%,70%,60%,40%
Velouria,Velouria,40,35,37,33,23,0,CBeast,0,50%,60%,65%,60%,40%
V!Veronica,Veronica,40,36,38,21,22,1,BTome,0,50%,65%,65%,40%,40%
B!Veronica,Veronica,36,32,36,21,19,1,Staff,0,45%,55%,60%,40%,35%
PI!Veronica,Veronica,38,39,19,36,29,1,Axe,0,45%,70%,35%,65%,50%
L!Veronica,Veronica,38,42,45,19,25,1,RTome,0,50%,70%,75%,35%,50%
SP!Veronica,Veronica,38,35,36,16,25,2,GTome,0,50%,60%,60%,30%,45%
Vigarde,Vigarde,46,47,30,44,29,3,Lance,8,60%,80%,50%,70%,55%
PI!Vika,Vika,41,34,40,17,40,2,CBeast,10,50%,60%,70%,30%,70%
Virion,Virion,46,31,31,26,13,0,CBow,13,60%,55%,55%,45%,25%
Volke,Volke,40,41,43,28,25,0,RDagger,9,50%,70%,70%,50%,50%
Vyland,Vyland,47,41,30,36,19,1,Axe,1,65%,70%,50%,65%,35%
Walhardt,Walhardt,41,37,27,36,16,1,Axe,13,50%,60%,50%,65%,30%
Wolf,Wolf,40,39,42,28,20,1,CBow,1,50%,70%,75%,50%,35%
SU!Wolt,Wolt,40,34,34,25,17,1,GBow,6,50%,60%,60%,45%,30%
Wrys,Wrys,42,24,23,22,36,0,Staff,1,55%,45%,40%,40%,60%
DA!Xander,Xander,38,35,17,34,16,0,CDagger,13,50%,65%,30%,65%,30%
L!Xander,Xander,40,42,41,35,17,1,Axe,13,50%,75%,75%,55%,30%
Xander,Xander,44,32,24,37,17,1,Sword,13,55%,55%,45%,65%,30%
SP!Xander,Xander,40,25,28,35,26,1,Lance,13,50%,45%,50%,60%,45%
SU!Xander,Xander,43,32,30,36,16,0,Axe,13,55%,55%,55%,65%,25%
H!Xane,Xane,47,30,34,25,30,0,CTome,1,60%,55%,60%,45%,50%
DE!Xane,Xane,47,30,36,23,35,0,Staff,1,60%,55%,60%,45%,60%
NY!Yarne,Yarne,40,43,40,35,21,1,BBeast,13,50%,75%,70%,65%,35%
Yarne,Yarne,40,35,33,32,17,1,GBeast,13,50%,60%,60%,55%,30%
Yen'fay,Yen'fay,43,37,42,32,28,0,Sword,13,55%,65%,70%,55%,50%
SU!Ylgr,Ylgr,42,35,36,30,25,0,Axe,0,60%,60%,55%,55%,45%
Ylgr,Ylgr,38,33,38,22,20,0,BDagger,0,50%,60%,65%,35%,35%
Ymir,Ymir,38,40,26,35,34,1,GDragon,0,50%,70%,45%,60%,60%
SU!Ymir,Ymir,38,45,18,35,41,0,CTome,0,50%,70%,35%,60%,75%
Yune,Yune,38,33,27,15,37,2,GTome,10,50%,55%,50%,25%,65%
Yuri,Yuri,40,39,43,26,29,0,CDagger,16,50%,65%,70%,50%,55%
L!Yuri,L!Yuri,41,44,47,24,26,0,RDagger,16,50%,70%,90%,40%,50%
Zeke,Zeke,40,40,15,38,35,1,Lance,15,50%,75%,25%,70%,55%
Zelgius,Zelgius,46,36,33,38,21,3,Sword,10,55%,60%,60%,65%,35%
BR!Zelot,Zelot,41,37,25,39,25,1,Axe,6,50%,65%,45%,70%,45%
Zephia,Zephia,41,40,44,23,24,2,RTome,17,55%,70%,75%,40%,45%
Zephiel,Zephiel,55,35,16,38,24,3,Sword,6,70%,60%,30%,60%,45%
WI!Zephiel,Zephiel,48,38,19,38,36,3,Sword,7,60%,65%,35%,70%,55%
NI!Zihark,Zihark,43,37,42,30,24,0,Sword,9,55%,65%,70%,50%,45%
,,,,,,,,,,,,,,
C!Noah,Noah,42,46,44,34,22,0,Sword,99,50%,70%,70%,50%,40%
C!Mio,Mio,45,38,48,20,29,0,BDagger,99,45%,65%,80%,40%,45%
C!Eunie,Eunie,40,36,38,20,44,0,Staff,99,,,,,
C!Taion,Taion,42,42,40,32,27,0,GDagger,99,,,,,
C!Lanz,Lanz,58,37,15,45,39,3,Sword,99,,,,,
C!Sena,Sena,43,48,36,35,25,0,Axe,99,,,,,
C!Juniper,Juniper,38,46,46,23,27,0,RBow,99,,,,,
C!Joker,Joker,41,43,46,32,25,0,RDagger,99,,,,,
C!Mona,Mona,45,34,44,20,39,0,Sword,99,,,,,
C!Ryuji,Ryuji,48,46,26,38,28,0,Axe,99,,,,,
C!Ann,Ann,39,41,34,28,43,0,Lance,99,,,,,
C!Yusuke,Yusuke,42,34,47,24,31,0,Sword,99,,,,,
C!Makoto,Makoto,43,42,44,30,25,1,CBeast,99,,,,,
C!Futaba,Futaba,47,34,39,28,44,2,GTome,99,,,,,
C!Haru,Haru,42,47,36,36,24,0,Axe,99,,,,,
C!Akechi,Akechi,41,44,44,32,26,0,Sword,99,,,,,
C!Kasumi,Kasumi,43,42,47,28,34,0,CDagger,99,,,,,
C!Sophia,Sophia,40,38,39,28,36,0,CTome,99,,,,,
C!Zenkichi,Zenkichi,49,43,20,39,35,0,Sword,99,,,,,
C!FA!Akechi,Akechi,36,48,47,20,20,0,Sword,99,,,,,
C!Steve,Steve,49,36,36,36,25,0,Sword,99,,,,,
