IntName,Name,Might,Range,Description,Type,Effect1,Level1,Effect2,Level2,Effect3,Level3,Effect4,Level4,Effect5,Level5,ExclusiveUser1,ExclusiveUser2,ExclusiveUser3,ExclusiveUser4,,,,Last Updated: 8-10-23 3:20PM
Iron Sword,Iron Sword,6,1,,Sword,,,,,,,,,,,None,,,,,,,
Steel Sword,Steel Sword,8,1,,Sword,,,,,,,,,,,None,,,,,,,
Silver Sword,Silver Sword,11,1,,Sword,,,,,,,,,,,None,,,,,,,
Silver Sword+,Silver Sword+,15,1,,Sword,,,,,,,,,,,None,,,,,,,
Armorslayer,Armorslayer,8,1,Effective against armored units.,Sword,effArmor,0,,,,,,,,,None,,,,,,,
Armorslayer+,Armorslayer+,12,1,Effective against armored units.,Sword,effArmor,0,,,,,,,,,None,,,,,,,
Brave Sword,Brave Sword,5,1,"Inflicts Spd-5. If unit initiates combat, unit attacks twice.",Sword,spdBoost,-2,BraveAW,1,,,,,,,None,,,,,,,
Brave Sword+,Brave Sword+,8,1,"Inflicts Spd-5. If unit initiates combat, unit attacks twice.",Sword,spdBoost,-2,BraveAW,1,,,,,,,None,,,,,,,
Ruby Sword,Ruby Sword,8,1,"If unit has weapon-triangle advantage, boosts Atk by 20%. If unit has weapon-triangle disadvantage, reduces Atk by 20%.",Sword,triangleAdeptW,3,,,,,,,,,None,,,,,,,
Ruby Sword+,Ruby Sword+,12,1,"If unit has weapon-triangle advantage, boosts Atk by 20%. If unit has weapon-triangle disadvantage, reduces Atk by 20%.",Sword,triangleAdeptW,3,,,,,,,,,None,,,,,,,
Killing Edge,Killing Edge,7,1,Accelerates Special trigger (cooldown count -1),Sword,slaying,1,,,,,,,,,None,,,,,,,
Killing Edge+,Killing Edge+,11,1,Accelerates Special trigger (cooldown count -1),Sword,slaying,1,,,,,,,,,None,,,,,,,
Wo Dao,Wo Dao,9,1,Deals +10 damage when Special triggers.,Sword,spDamageAdd,10,,,,,,,,,None,,,,,,,
Wo Dao+,Wo Dao+,13,1,Deals +10 damage when Special triggers.,Sword,spDamageAdd,11,,,,,,,,,None,,,,,,,
Zanbato,Zanbato,10,1,Effective against cavalry units.,Sword,effCav,1,,,,,,,,,None,,,,,,,
Zanbato+,Zanbato+,14,1,Effective against cavalry units.,Sword,effCav,1,,,,,,,,,None,,,,,,,
Slaying Edge,Slaying Edge,10,1,Accelerates Special trigger (cooldown count -1).,Sword,slaying,1,,,,,,,,,None,,,,,,,
Slaying Edge+,Slaying Edge+,14,1,Accelerates Special trigger (cooldown count -1).,Sword,slaying,1,,,,,,,,,None,,,,,,,
Armorsmasher+,Armorsmasher+,14,1,Effective against armored units.,Sword,effArmor,0,,,,,,,,,None,,,,,,,
Firesweep Sword,Firesweep Sword,11,1,Unit and foe cannot counterattack.,Sword,firesweep,0,,,,,,,,,None,,,,,,,
Firesweep Sword+,Firesweep Sword+,15,1,Unit and foe cannot counterattack.,Sword,firesweep,0,,,,,,,,,None,,,,,,,
Kadomatsu,Kadomatsu,10,1,Grants Def/Res+2 to allies within 2 spaces during combat.,Sword,driveDef,2,driveRes,2,,,,,,,None,,,,,,,
Kadomatsu+,Kadomatsu+,14,1,Grants Def/Res+2 to allies within 2 spaces during combat.,Sword,driveDef,2,driveRes,2,,,,,,,None,,,,,,,
Safeguard,Safeguard,10,1,"If foe initiates combat, grants Def+7 during combat.",Sword,defStance,3.5,,,,,,,,,None,,,,,,,
Safeguard+,Safeguard+,14,1,"If foe initiates combat, grants Def+7 during combat.",Sword,defStance,3.5,,,,,,,,,None,,,,,,,
Barrier Blade,Barrier Blade,10,1,"If foe initiates combat, grants Res+7 during combat.",Sword,resStance,3.5,,,,,,,,,None,,,,,,,
Barrier Blade+,Barrier Blade+,14,1,"If foe initiates combat, grants Res+7 during combat.",Sword,resStance,3.5,,,,,,,,,None,,,,,,,
Geishun,Geishun,10,1,"At start of turn, inflicts Atk-7 on foe on the enemy team with the highest Atk through its next action.",Sword,chillAtk,3,,,,,,,,,None,,,,,,,
Geishun+,Geishun+,14,1,"At start of turn, inflicts Atk-7 on foe on the enemy team with the highest Atk through its next action.",Sword,chillAtk,3,,,,,,,,,None,,,,,,,
Heart's Blade,Heart's Blade,10,1,"If unit is adjacent to an ally, grants Atk/Spd/Def/Res+3 during combat.",Sword,telliusBond,3,,,,,,,,,None,,,,,,,
Heart's Blade+,Heart's Blade+,14,1,"If unit is adjacent to an ally, grants Atk/Spd/Def/Res+3 during combat.",Sword,telliusBond,3,,,,,,,,,None,,,,,,,
Cake Cutter,Cake Cutter,10,1,"If unit initiates combat, grants Atk/Spd+4 during combat.",Sword,atkBlow,2,spdBlowo,2,,,,,,,None,,,,,,,
Cake Cutter+,Cake Cutter+,14,1,"If unit initiates combat, grants Atk/Spd+4 during combat.",Sword,atkBlow,2,spdBlowo,2,,,,,,,None,,,,,,,
Sandfort Spade,Sandfort Spade,10,1,"If a bonus granted by a skill like Rally or Hone is active on unit, grants Atk/Def+4 during combat.",Sword,heroesSummerBonus,4,,,,,,,,,None,,,,,,,
Sandfort Spade+,Sandfort Spade+,14,1,"If a bonus granted by a skill like Rally or Hone is active on unit, grants Atk/Def+4 during combat.",Sword,heroesSummerBonus,4,,,,,,,,,None,,,,,,,
Petal Parasol,Petal Parasol,10,1,"If【Penalty】is active on foe, grants Atk/Spd+5 during combat. 【Penalty】 All effects that last ""on foe through its next action."" Includes penalties inflicted by a skill like Panic or Threaten and negative status effects (preventing counterattacks, restricting movement, or the effects of a skill like Triangle Adept or Guard).",Sword,elibeSummerPenalty,5,,,,,,,,,None,,,,,,,
Petal Parasol+,Petal Parasol+,14,1,"If【Penalty】is active on foe, grants Atk/Spd+5 during combat. 【Penalty】 All effects that last ""on foe through its next action."" Includes penalties inflicted by a skill like Panic or Threaten and negative status effects (preventing counterattacks, restricting movement, or the effects of a skill like Triangle Adept or Guard).",Sword,elibeSummerPenalty,5,,,,,,,,,None,,,,,,,
Guard Sword,Guard Sword,10,1,Inflicts Special cooldown charge -1 on foe per attack during combat. (Only highest value applied. Does not stack.),Sword,guard,0,,,,,,,,,None,,,,,,,
Guard Sword+,Guard Sword+,14,1,Inflicts Special cooldown charge -1 on foe per attack during combat. (Only highest value applied. Does not stack.),Sword,guard,0,,,,,,,,,None,,,,,,,
Bellringer,Bellringer,10,1,"When unit deals damage to foe during combat, restores 5 HP to unit. (Triggers even if 0 damage is dealt.)",Sword,fixedHealStrike,5,,,,,,,,,None,,,,,,,
Bellringer+,Bellringer+,14,1,"When unit deals damage to foe during combat, restores 5 HP to unit. (Triggers even if 0 damage is dealt.)",Sword,fixedHealStrike,5,,,,,,,,,None,,,,,,,
Melee Bouquet,Melee Bouquet,10,1,"If unit initiates combat, grants Atk/Def+4 during combat and foe cannot make a follow-up attack.",Sword,atkBlow,2,defBlow,2,AFUDenial,0,,,,,None,,,,,,,
Melee Bouquet+,Melee Bouquet+,14,1,"If unit initiates combat, grants Atk/Def+4 during combat and foe cannot make a follow-up attack.",Sword,atkBlow,2,defBlow,2,AFUDenial,0,,,,,None,,,,,,,
Carrot Cudgel,Carrot Cudgel,10,1,"If unit is within 2 spaces of an ally, grants Atk/Def+5 to unit and neutralizes unit's penalties to Atk/Def during combat.",Sword,unityAtkDef,5,nullAtkPenalties,0,nullDefPenalties,0,,,,,None,,,,,,,
Carrot Cudgel+,Carrot Cudgel+,14,1,"If unit is within 2 spaces of an ally, grants Atk/Def+5 to unit and neutralizes unit's penalties to Atk/Def during combat.",Sword,unityAtkDef,5,nullAtkPenalties,0,nullDefPenalties,0,,,,,None,,,,,,,
Pledged Blade,Pledged Blade,10,1,"If【Bonus】is active on unit, grants Atk/Def+4 and Special cooldown charge +1 per foe's attack during combat. (Only highest value applied. Does not stack. Special cooldown charge granted even if foe's attack deals 0 damage.) 【Bonus】 All effects that last ""for 1 turn"" or ""that turn only."" Includes bonuses granted by a skill like Rally or Hone and positive status effects (extra movement or effects like Dominance).",Sword,bonusBoostAtk,4,bonusBoostDef,4,bonusBoostSpCharge,1,,,,,None,,,,,,,
Pledged Blade+,Pledged Blade+,14,1,"If【Bonus】is active on unit, grants Atk/Def+4 and Special cooldown charge +1 per foe's attack during combat. (Only highest value applied. Does not stack. Special cooldown charge granted even if foe's attack deals 0 damage.) 【Bonus】 All effects that last ""for 1 turn"" or ""that turn only."" Includes bonuses granted by a skill like Rally or Hone and positive status effects (extra movement or effects like Dominance).",Sword,bonusBoostAtk,4,bonusBoostDef,4,bonusBoostSpCharge,1,,,,,None,,,,,,,
Ninja Katana,Ninja Katana,6,1,"Grants Spd+4. Inflicts Def/Res-4. If unit initiates combat, unit attacks twice.",Sword,spdBoost,4,defBoost,-4,resBoost,-4,BraveAW,0,,,None,,,,,,,
Ninja Katana+,Ninja Katana+,9,1,"Grants Spd+4. Inflicts Def/Res-4. If unit initiates combat, unit attacks twice.",Sword,spdBoost,4,defBoost,-4,resBoost,-4,BraveAW,0,,,None,,,,,,,
Unbound Blade,Unbound Blade,10,1,"If unit is not adjacent to an ally, inflicts Atk/Def-5 on foe during combat and neutralizes foe's bonuses to Atk/Def (from skills like Fortify, Rally, etc.) during combat.",Sword,unboundAtkDef,5,,,,,,,,,None,,,,,,,
Unbound Blade+,Unbound Blade+,14,1,"If unit is not adjacent to an ally, inflicts Atk/Def-5 on foe during combat and neutralizes foe's bonuses to Atk/Def (from skills like Fortify, Rally, etc.) during combat.",Sword,unboundAtkDef,5,,,,,,,,,None,,,,,,,
Steadfast Sword,Steadfast Sword,10,1,"If unit is within 2 spaces of an ally, grants Atk/Def+5 to unit and neutralizes unit's penalties to Atk/Def during combat.",Sword,unityAtkDef,5,nullAtkPenalties,0,nullDefPenalties,0,,,,,None,,,,,,,
Steadfast Sword+,Steadfast Sword+,14,1,"If unit is within 2 spaces of an ally, grants Atk/Def+5 to unit and neutralizes unit's penalties to Atk/Def during combat.",Sword,unityAtkDef,5,nullAtkPenalties,0,nullDefPenalties,0,,,,,None,,,,,,,
Instant Sword,Instant Sword,10,1,"If unit initiates combat, grants Atk/Def+4 during combat and foe cannot make a follow-up attack.",Sword,atkBlow,2,defBlow,2,AFUDenial,0,,,,,None,,,,,,,
Instant Sword+,Instant Sword+,14,1,"If unit initiates combat, grants Atk/Def+4 during combat and foe cannot make a follow-up attack.",Sword,atkBlow,2,defBlow,2,AFUDenial,0,,,,,None,,,,,,,
Winter Rapier,Winter Rapier,10,1,"If unit is within 2 spaces of an ally, grants Atk/Def +5 and bonus to Atk/Def during combat = current penalty on each of those stats x 2. (Example: If unit has -7 penalty to Atk, grants Atk +19, for a net bonus of Atk +12) Calculates each stat bonus independently.",Sword,unityAtkDef,5,invertAtkPenalties,0,invertDefPenalties,0,,,,,None,,,,,,,
Winter Rapier+,Winter Rapier+,14,1,"If unit is within 2 spaces of an ally, grants Atk/Def +5 and bonus to Atk/Def during combat = current penalty on each of those stats x 2. (Example: If unit has -7 penalty to Atk, grants Atk +19, for a net bonus of Atk +12) Calculates each stat bonus independently.",Sword,unityAtkDef,5,invertAtkPenalties,0,invertDefPenalties,0,,,,,None,,,,,,,
Rein Sword,Rein Sword,10,1,Inflicts Spd/Def-5 on foes within 2 spaces during combat.,Sword,spddefRein,4,,,,,,,,,None,,,,,,,
Rein Sword+,Rein Sword+,14,1,Inflicts Spd/Def-5 on foes within 2 spaces during combat.,Sword,spddefRein,4,,,,,,,,,None,,,,,,,
Spirited Sword,Spirited Sword,10,1,,Sword,,,,,,,,,,,None,,,,,,,
Spirited Sword+,Spirited Sword+,14,1,,Sword,,,,,,,,,,,None,,,,,,,
Allied Sword,Allied Sword,10,1,,Sword,,,,,,,,,,,None,,,,,,,
Allied Sword+,Allied Sword+,14,1,,Sword,,,,,,,,,,,None,,,,,,,
Vulture Blade,Vulture Blade,10,1,,Sword,,,,,,,,,,,None,,,,,,,
Vulture Blade+,Vulture Blade+,14,1,,Sword,,,,,,,,,,,None,,,,,,,
Coral Saber,Coral Saber,10,1,,Sword,,,,,,,,,,,None,,,,,,,
Coral Saber+,Coral Saber+,14,1,,Sword,,,,,,,,,,,None,,,,,,,
Up-Front Blade,Up-Front Blade,10,1,,Sword,,,,,,,,,,,None,,,,,,,
Up-Front Blade+,Up-Front Blade+,14,1,,Sword,,,,,,,,,,,None,,,,,,,
Florid Cane,Florid Cane,10,1,,Sword,,,,,,,,,,,None,,,,,,,
Florid Cane+,Florid Cane+,14,1,,Sword,,,,,,,,,,,None,,,,,,,
Flame Gunbai,Flame Gunbai,10,1,,Sword,,,,,,,,,,,None,,,,,,,
Flame Gunbai+,Flame Gunbai+,14,1,,Sword,,,,,,,,,,,None,,,,,,,
Wyvern Katana,Wyvern Katana,5,1,,Sword,,,,,,,,,,,None,,,,,,,
Wyvern Katana+,Wyvern Katana+,8,1,,Sword,,,,,,,,,,,None,,,,,,,
Petalfall Blade,Petalfall Blade,10,1,,Sword,,,,,,,,,,,None,,,,,,,
Petalfall Blade+,Petalfall Blade+,14,1,,Sword,,,,,,,,,,,None,,,,,,,
Bridal Blade,Bridal Blade,10,1,,Sword,,,,,,,,,,,None,,,,,,,
Bridal Blade+,Bridal Blade+,14,1,,Sword,,,,,,,,,,,None,,,,,,,
Allied Sword,Allied Sword,10,1,,Sword,,,,,,,,,,,,,,,,,,
Allied Sword+,Allied Sword+,14,1,,Sword,,,,,,,,,,,,,,,,,,
Fólkvangr,Fólkvangr,16,1,"At start of turn, if unit's HP ≤ 50%, grants Atk+5 for 1 turn.",Sword,defiantAtk,2,,,,,,,,,Alfonse,,,,,,,
FólkvangrEff,Fólkvangr,16,1,"At start of combat, if unit's HP ≤ 80%, grants Atk/Def+7 during combat. If unit has weapon-triangle advantage, boosts Atk by 20%. If unit has weapon-triangle disadvantage, reduces Atk by 20%",Sword,,,,,,,,,,,Alfonse,,,,,,,
FólkvangrAtk,Fólkvangr,18,1,"At start of combat, if unit's HP ≤ 80%, grants Atk/Def+7 during combat.",Sword,,,,,,,,,,,Alfonse,,,,,,,
FólkvangrSpd,Fólkvangr,16,1,"At start of combat, if unit's HP ≤ 80%, grants Atk/Def+7 during combat.",Sword,,,,,,,,,,,Alfonse,,,,,,,
FólkvangrDef,Fólkvangr,16,1,"At start of combat, if unit's HP ≤ 80%, grants Atk/Def+7 during combat.",Sword,,,,,,,,,,,Alfonse,,,,,,,
FólkvangrRes,Fólkvangr,16,1,"At start of combat, if unit's HP ≤ 80%, grants Atk/Def+7 during combat.",Sword,,,,,,,,,,,Alfonse,,,,,,,
GoogleChrome,Falchion,16,1,Effective against dragons. At the start of every third turn unit recovers 10 HP.,Sword,effDragon,0,recover,2,,,,,,,Chrom,Lucina,!Marth,,,,,
Walmarth,Falchion,16,1,Effective against dragons. At the start of every third turn unit recovers 10 HP.,Sword,effDragon,0,recover,2,,,,,,,Marth,,,,,,,
AlmSword,Falchion,16,1,Effective against dragons. At the start of every third turn unit recovers 10 HP.,Sword,effDragon,0,recover,2,,,,,,,Alm,,,,,,,
Binding Blade,Binding Blade,16,1,"If foe initiates combat, grants Def/Res+2 during combat.",Sword,defStance,1,resStance,1,,,,,,,Roy,,,,,,,
Durandal,Durandal,16,1,"If unit initiates combat, grants Atk+4 during combat.",Sword,atkBlow,2,,,,,,,,,Eliwood,,,,,,,
Sol Katti,Sol Katti,16,1,"If unit's HP ≤ 50% and unit initiates combat, unit can make a follow-up attack before foe can counterattack.",Sword,desperation,2,,,,,,,,,Lyn,,,,,,,
Yato,Yato,16,1,"If unit initiates combat, grants Spd+4 during combat.",Sword,spdBlow,2,,,,,,,,,M!Corrin,,,,,,,
Raijinto,Raijinto,16,1,Unit can counterattack regardless of foe's range.,Sword,dCounter,0,,,,,,,,,Ryoma,L!Ryoma,,,,,,
Sieglinde,Sieglinde,16,1,"At start of turn, grants Atk+3 to adjacent allies for 1 turn.",Sword,honeAtk,2,,,,,,,,,Eirika,,,,,,,
Tyrfing,Tyrfing,16,1,"If unit's HP ≤ 50%, grants Def+4 during combat.",Sword,baseTyrfing,,,,,,,,,,Seliph,,,,,,,
Mystletainn,Mystletainn,16,1,Accelerates Special trigger (cooldown count -1),Sword,slaying,1,,,,,,,,,Eldigan,,,,,,,
Eckesachs,Eckesachs,16,1,"At start of turn, inflicts Def-4 on foes within 2 spaces through their next actions.",Sword,threatDef,2,,,,,,,,,Zephiel,,,,,,,
Siegfried,Siegfried,16,1,Unit can counterattack regardless of foe's range.,Sword,dCounter,0,,,,,,,,,Xander,,,,,,,
Regal Blade,Regal Blade,16,1,"At start of combat, if foe’s HP = 100%, grants Atk/Spd+2 during combat.",Sword,garbageSword,2,,,,,,,,,Lloyd,,,,,,,
Ragnell,Ragnell,16,1,Unit can counterattack regardless of foe's range.,Sword,dCounter,0,,,,,,,,,Ike,L!Ike,,,,,,
Blazing Durandal,Blazing Durandal,16,1,"Grants Atk+3. If unit's Atk > foe's Atk, grants Special cooldown charge +1 per unit's attack. (Only highest value applied. Does not stack.)",Sword,atkBoost,3,heavyBlade,3,,,,,,,Eliwood,B!Roy,,,,,,
Amiti,Amiti,11,1,"Inflicts Spd-2. If unit initiates combat, unit attacks twice.",Sword,spdBoost,-2,BraveAW,0,,,,,,,Elincia,,,,,,,
Alondite,Alondite,16,1,Unit can counterattack regardless of foe's range.,Sword,dCounter,0,,,,,,,,,Black Knight,Zelgius,,,,,,
Divine Tyrfing,Divine Tyrfing,16,1,Grants Res+3. Reduces damage from magic foe's first attack by 50%.,Sword,resBoost,3,divTyrfing,50,,,,,,,Seliph,Sigurd,,,,,,
Ayra's Blade,Ayra's Blade,16,1,"Grants Spd+3. If unit's Spd > foe's Spd, grants Special cooldown charge +1 per unit's attack. (Only highest value applied. Does not stack.)",Sword,spdBoost,3,flashingBlade,3,,,,,,,Ayra,,,,,,,
Resolute Blade,Resolute Blade,16,1,Grants Atk+3. Deals +10 damage when Special triggers.,Sword,atkBoost,3,spDamageAdd,10,,,,,,,Mia,,,,,,,
Audhulma,Audhulma,16,1,Grants Res+5. Accelerates Special trigger (cooldown count-1).,Sword,slaying,1,resBoost,5,,,,,,,Joshua,,,,,,,
Laevatein,Laevatein,16,1,Grants Atk+3. Grants bonus to unit’s Atk = total bonuses on unit during combat,Sword,atkBoost,3,laevatein,0,,,,,,,Laevatein,,,,,,,
Dark Greatsword,Dark Greatsword,16,1,"If unit initiates combat, grants Atk/Spd+4 during combat.",Sword,atkBlow,2,spdBlow,2,,,,,,,Siegbert,,,,,,,
Wing Sword ,Wing Sword ,16,1,Effective against cavalry and armored foes.,Sword,effArmor,0,effFly,0,,,,,,,Caeda,,,,,,,
Beloved Zofia,Beloved Zofia,16,1,"Grants Def+3. At start of combat, if unit's HP = 100%, grants Atk/Spd/Def/Res+4, but after combat, if unit attacked, deals 4 damage to unit.",Sword,defBoost,3,belovedZofia,4,,,,,,,FA!Celica,,,,,,,
Nameless Blade,Nameless Blade,16,1,Accelerates Special trigger (Special cooldown -1),Sword,slaying,1,,,,,,,,,Fir,Karel,,,,,,
Níu,Níu,16,1,Grants Spd+3. Adds 50% of total bonuses on foe to unit's Atk/Spd/Def/Res during combat.,Sword,spdBoost,3,ILoveBonusesAndWomenAndI'mAllOutOfBonuses,0,,,,,,,Laegjarn,,,,,,,
Sealed Falchion,Sealed Falchion,16,1,"Effective against dragon foes. At start of combat, if unit's HP < 100%, grants Atk/Spd/Def/Res+5 during combat.",Sword,effDragon,0,sealedFalchion,5,,,,,,,P!Chrom,Chrom,Lucina,!Marth,,,,
Light Brand,Light Brand,16,1,"Grants Def+3. If foe's Def ≥ foe's Res+5, deals +7 damage.",Sword,thraciaMoment,776,,,,,,,,,Leif,,,,,,,
Meisterschwert,Meisterschwert,11,1,Inflicts Spd-5. Unit attacks twice.,Sword,spdBoost,-5,BraveBW,0,,,,,,,P!Reinhardt,,,,,,,
Dark Mystletainn,Dark Mystletainn,16,1,"Accelerates Special trigger (cooldown count-1). If Special triggers before or during combat, grants Special cooldown count-2 after combat.",Sword,slaying,1,specialSpiral,3,,,,,,,Ares,Eldigan,,,,,,
Vassal's Blade,Vassal's Blade,16,1,"Accelerates Special trigger (cooldown count-1). If unit's Spd > foe's Spd, deals damage = 70% of difference between stats. (Maximum bonus of +7 damage. Combos with Phantom Spd.)",Sword,slaying,1,vassalBlade,0,,,,,,,Karla,,,,,,,
Skuld,Skuld,16,1,"If Sing or Dance is used, grants Atk/Spd/Def/Res+3 to target.",Sword,atkDance,1,spdDance,1,defDance,1,resDance,1,,,P!Olivia,,,,,,,
Royal Sword,Royal Sword,16,1,"Grants Spd+3. If unit is within 2 spaces of an ally, grants unit Special cooldown charge +1 per unit's attack. (Only highest value applied. Does not stack.)",Sword,spdBoost,3,royalSword,0,,,,,,,B!Celica,,,,,,,
Exalted Falchion,Exalted Falchion,16,1,Effective against dragon foes. Grants Spd+3. Grants bonus to Atk/Spd/Def/Res during combat = current bonus on each of unit's stats. Calculates each stat bonus independently.,Sword,effDragon,44,bonusDoubler,0,spdBoost,3,,,,,L!Marth,,,,,,,
Solitary Blade,Solitary Blade,16,1,Accelerates Special trigger (cooldown count -1),Sword,slaying,1,,,,,,,,,Lon'qu,,,,,,,
S!Missiletainn,Missiletainn,16,1,Accelerates Special trigger (cooldown count-1). Grants Special cooldown charge +1 per foe's attack during combat. (Only highest value applied. Does not stack. Special cooldown charge granted even if foe's attack deals 0 damage.),Sword,slaying,1,BY MISSILETAINN!!!,9999,,,,,,,Owain,,,,,,,
Storm Sieglinde,Storm Sieglinde,16,1,"Grants Atk+3. If the number of foes within 2 spaces (excluding target) ≥ the number of allies within 2 spaces (excluding unit), grants Def/Res+3 and Special cooldown charge +1 per unit's attack during combat. (Only highest value applied. Does not stack.)",Sword,atkBoost,3,stormSieglinde,0,,,,,,,L!Eirika,,,,,,,
Golden Dagger,Golden Dagger,16,1,Accelerates Special trigger (cooldown count-1).,Sword,slaying,1,,,,,,,,,Saber,,,,,,,
Gjöll,Gjöll,16,1,"Grants Atk+3. If a penalty inflicted by a skill like Panic or Threaten and/or a negative status effect (preventing counterattacks or restricting movement) is active on foe, unit makes a guaranteed follow-up attack and foe cannot.",Sword,atkBoost,3,penaltyFU,0,,,,,,,Hríd,,,,,,,
Whitewing Blade,Whitewing Blade,16,1,"If unit has weapon-triangle advantage, boosts Atk by 20%. If unit has weapon-triangle disadvantage, reduces Atk by 20%.",Sword,triangleAdeptW,3,,,,,,,,,Palla,,,,,,,
Gladiator's Blade,Gladiator's Blade,16,1,"If unit’s Atk > foe’s Atk, grants Special cooldown charge +1 per unit's attack. (Only highest value applied. Does not stack.)",Sword,heavyBlade,3,,,,,,,,,Ogma,,,,,,,
Scarlet Sword,Scarlet Sword,16,1,Accelerates Special trigger (cooldown count-1).,Sword,slaying,1,,,,,,,,,Navarre,,,,,,,
Hikami,Hikami,16,1,"Grants Spd+3. At start of turn, inflicts Atk/Spd/Def/Res-4 on nearest foes within 4 spaces through their next actions.",Sword,spdBoost,3,hikamiThreaten,4,,,,,,,NY!Gunnthrá,,,,,,,
Silverbrand,Silverbrand,16,1,"If unit has weapon-triangle advantage, boosts Atk by 20%. If unit has weapon-triangle disadvantage, reduces Atk by 20%.",Sword,triangleAdeptW,3,,,,,,,,,Seth,,,,,,,
Hinata's Katana,Hinata's Katana,16,1,"If foe initiates combat, grants Atk/Def+4 during combat.",Sword,atkStance,2,defStance,2,,,,,,,Hinata,,,,,,,
Dragonbind,Dragonbind,16,1,Effective against dragon foes. Unit can counterattack regardless of foe's range.,Sword,effDragon,6,dCounter,0,,,,,,,L!Roy,,,,,,,
Bull Blade,Bull Blade,16,1,"During combat, boosts unit's Atk/Def by number of allies within 2 spaces × 2. (Maximum bonus of +6 to each stat.)",Sword,localBoost2Atk,2,localBoost2Def,2,,,,,,,Cain,,,,,,,
Hana's Katana,Hana's Katana,16,1,Effective against armored units.,Sword,effArmor,,,,,,,,,,Hana,,,,,,,
Panther Sword,Panther Sword,16,1,"If unit has weapon-triangle advantage, boosts Atk by 20%. If unit has weapon-triangle disadvantage, reduces Atk by 20%.",Sword,triangleAdeptW,3,,,,,,,,,Stahl,,,,,,,
Shadow Sword,Shadow Sword,16,1,"Accelerates Special trigger (cooldown count-1). If unit's HP ≥ 50% and unit initiates combat, unit can make a follow-up attack before foe can counterattack.",Sword,slaying,1,desperation,10,,,,,,,FA!Mareeta,,,,,,,
Ardent Durandal,Ardent Durandal,16,1,"Grants Atk +3. At start of turn, grants Bonus Doubler to ally with the highest Attack. Bonus Doubler - Grants bonus to Atk/Spd/Def/Res during combat equal to current bonus on each of unit's stats for 1 turn. Calculates each stat bonus independantly.",Sword,atkBoost,3,bonusDoubler,0,highAtkBonusDoubler,0,,,,,L!Eliwood,,,,,,,
Rowdy Sword,Rowdy Sword,11,1,"Inflicts Spd-5. If unit initiates combat, unit attacks twice.",Sword,spdBoost,-5,BraveAW,0,,,,,,,Luke,,,,,,,
Creator Sword,Creator Sword,11,1,"Accelerates Special trigger (cooldown count-1). During combat, neutralizes effects that guarantee foe's follow-up attacks, prevent unit's follow-up attacks, grant ""Special cooldown charge +X"" to foe, or inflict ""Special cooldown charge -X"" on unit.",Sword,slaying,1,NFU,0,nullGuard,0,,,,,M!Byleth,F!Byleth,,,,,,
Selena's Blade,Selena's Blade,16,1,"Effective against armored foes. At start of combat, if foe's Atk ≥ unit's Atk+3, grants Atk/Spd/Def/Res+3 during combat.",Sword,effArmor,0,lowAtkBoost,3,,,,,,,F!Selena,,,,,,,
Dracofalchion,Dracofalchion,16,1,"Effective against dragon foes. Grants Atk+3. If the number of foes within 2 spaces (excluding target) ≥ the number of allies within 2 spaces (excluding unit), grants Atk/Spd/Def/Res+5 during combat.",Sword,effDragon,0,atkBoost,3,dracofalchion,0,,,,,B!Alm,,,,,,,
Rapier,Rapier,16,1,"Effective against armored and cavalry foes. Grants Spd+3. If unit’s HP ≤ 75% and foe initiates combat, unit can counterattack before foe's first attack.",Sword,effArmor,0,effCav,0,spdBoost,3,vantage,3,,,Phina,CH!Marth,,,,,,
Mercurius,Mercurius,16,1,"Grants Atk+3. At start of turn, if unit's HP ≥ 50%, grants Atk/Spd/Def/Res+4 to unit and sword, lance, axe, bow, dagger, or beast allies within 2 spaces for 1 turn. (Bonus granted to unit even if no allies are within 2 spaces.)",Sword,atkBoost,3,mercuriusBuff,1,,,,,,,Astram,,,,,,,
Conjurer Curios,Conjurer Curios,16,1,"Effective against armored foes. Grants Atk+3. If it is an odd-numbered turn or foe's HP < 100% at start of combat, grants Atk/Spd/Def/Res+4 to unit during combat.",Sword,effArmor,0,atkBoost,3,curiosBoost,0,,,,,H!Hector,,,,,,,
Concealed Blade,Concealed Blade,16,1,Deals +10 damage when Special triggers.,Sword,spDamageAdd,10,,,,,,,,,Athena,,,,,,,
Astra Blade,Astra Blade,16,1,"Grants Atk+3. If unit's Atk > foe's Def, deals damage = 50% of unit's Atk minus foe's Def.",Sword,atkBoost,3,megaAstra,0,,,,,,,P!Catria,,,,,,,
Ragnell·Alondite,Ragnell·Alondite,16,1,Unit can counterattack regardless of foe's range. Inflicts Spd-5. Unit attacks twice (even if foe initiates combat).,Sword,dCounter,0,spdBoost,-5,BraveBW,0,,,,,Altina,WI!Altina,,,,,,
Mareeta's Sword,Mareeta's Sword,16,1,"Accelerates Special trigger (cooldown count-1). If unit is not adjacent to an ally, grants Atk/Spd/Def/Res+4 and neutralizes effects that guarantee foe's follow-up attacks and effects that prevent unit's follow-up attacks during combat.",Sword,slaying,0,spectrumSolo,4,NFUSolo,0,,,,,Mareeta,,,,,,,
Venin Edge,Venin Edge,16,1,"Grants Def+3. After combat, if unit attacked, deals 10 damage to target and foes within 2 spaces of target, and inflicts status on those foes preventing counterattacks through their next actions.",Sword,defBoost,3,AMERICA,1776,,,,,,,Kempf,,,,,,,
Larcei's Edge,Larcei's Edge,16,1,"Accelerates Special trigger (cooldown count-1). At start of combat, if unit's Spd > foe's Spd or if foe's HP = 100%, grants Atk/Spd/Def/Res+4 to unit and neutralizes foe's bonuses (from skills like Fortify, Rally, etc.) during combat.",Sword,slaying,1,larceiEdge,57,,,,,,,Larcei,,,,,,,
Balmung,Balmung,16,1,"Grants Spd+3. If foe initiates combat or if foe's HP = 100% at start of combat, neutralizes penalties on unit and grants Atk/Spd/Def/Res+5 to unit during combat.",Sword,spdBoost,3,balmungBoost,0,,,,,,,Shannan,,,,,,,
Mirage Falchion,Mirage Falchion,16,1,"Effective against dragon foes. Grants Def+3. If unit initiates combat, grants bonus to unit's Atk/Def during combat = 3 + number of allies who have already acted × 2 (max value of 7). If foe initiates combat, grants bonus to unit's Atk/Def during combat = 7 - number of foes who have already acted × 2 (min value of 3).",Sword,effDragon,0,defBoost,3,TMSFalchion,0,,,,,Itsuki,,,,,,,
Sökkvabekkr,Sökkvabekkr,16,1,"If unit is within 3 spaces of an ally, grants Atk/Spd/Def/Res+4 during combat, and unit makes a guaranteed follow-up attack, but after combat, if unit attacked, deals 20 damage to nearest ally.",Sword,IHATEMYFRIENDS,4,,,,,,,,,Líf,,,,,,,
Laslow's Blade,Laslow's Blade,16,1,"If a movement Assist skill (like Reposition, Shove, Pivot, etc.) is used by unit or targets unit, grants Atk/Spd/Def/Res+4 to target or targeting ally and allies within 2 spaces of unit and target or targeting ally for 1 turn after movement. (Excludes unit.)",Sword,laslowShmovement,0,,,,,,,,,Laslow,,,,,,,
Laid-Back Blade,Laid-Back Blade,16,1,"Effective against cavalry foes. At start of combat, if unit's HP ≥ 50%, grants Atk/Spd/Def/Res+3 during combat.",Sword,effCav,0,grayBoost,3,,,,,,,Gray,,,,,,,
Jubilant Blade,Jubilant Blade,16,1,Effective against armored foes.,Sword,effArmor,0,,,,,,,,,Tobin,,,,,,,
Feather Sword,Feather Sword,16,1,"Grants Atk+3. Effective against sword, lance, axe, colorless bow, and armored foes. If foe initiates combat and is armored or uses sword, lance, axe, or colorless bow, or if unit's HP ≤ 75%, unit can counterattack before foe's first attack.",Sword,atkBoost,3,effCaeda,0,caedaVantage,0,,,,,CH!Caeda,,,,,,,
Chaos Ragnell,Chaos Ragnell,16,1,"Unit can counterattack regardless of foe's range. Grants bonus to Atk/Spd/Def/Res during combat = current penalty on each of unit's stats × 2. (Example: if unit has -7 penalty to Atk, grants Atk+14, for a net bonus of Atk+7.) Calculates each stat bonus independently.",Sword,dCounter,0,penaltyReverse,2,,,,,,,FA!Ike,,,,,,,
Gurgurant,Gurgurant,16,1,"Neutralizes ""effective against flying"" bonuses. Grants Def+3. Inflicts Atk/Def-5 on foes within 2 spaces during combat.",Sword,nullEffFly,0,defBoost,3,atkdefRein,4,,,,,Ashnard,,,,,,,
Stalwart Sword,Stalwart Sword,16,1,"If foe initiates combat, inflicts Atk-6 on foe during combat.",Sword,draugBlade,0,,,,,,,,,Draug,,,,,,,
Flower of Ease,Flower of Ease,16,1,"Grants Res+3. If【Penalty】is active on any foes within 3 columns centered on unit, inflicts Atk/Def/Res-3 on those foes during combat. 【Penalty】All effects that last ""on foe through its next action."" Includes penalties inflicted by a skill like Panic or Threaten and negative status effects (preventing counterattacks, restricting movement, or the effects of a skill like Triangle Adept or Guard).",Sword,resBoost,3,zzzzZZZZzzzzz,3,,,,,,,Mirabilis,,,,,,,
Amatsu,Amatsu,16,1,"Accelerates Special trigger (cooldown count-1). At start of combat, if unit's HP ≥ 50%, unit can counterattack regardless of foe's range.",Sword,slaying,1,amatsuDC,0,,,,,,,Say'ri,,,,,,,
Virtuous Tyrfing,Virtuous Tyrfing,16,1,"Grants Res+3. If foe initiates combat or if unit's HP < 100% at start of combat, inflicts Atk/Def-6 on foe during combat, and if unit deals damage to foe during combat, restores 7 HP to unit. (Triggers even if 0 damage is dealt.)",Sword,resBoost,3,vTyrfing,0,,,,,,,L!Seliph,,,,,,,
Blade of Shadow,Blade of Shadow,16,1,"Accelerates Special trigger (cooldown count-1). If foe initiates combat or if foe's HP = 100% at start of combat, neutralizes penalties on unit and inflicts Atk/Spd/Def-5 on foe during combat.",Sword,slaying,1,shadowBlade,0,,,,,,,M!Kris,,,,,,,
Thunderbrand,Thunderbrand,16,1,"Grants Spd+3. At start of combat, if foe's HP ≥ 50%, grants Atk/Spd+5 during combat, neutralizes effects that prevent unit's follow-up attacks during combat, and also, if unit initiates combat, unit can make a follow-up attack before foe can counterattack.",Sword,spdBoost,3,thundabrand,0,,,,,,,Catherine,,,,,,,
Lyngheiðr,Lyngheiðr,16,1,"Grants Spd+3. Enables【Canto (3)】during turns 1 through 4. If unit initiates combat, grants Atk/Spd+6 during combat and reduces damage from foe's first attack by 30%. 【Canto (3)】After an attack, Assist skill, or structure destruction, unit can move 3 space(s). (Unit moves according to movement type. Once per turn. Cannot attack or assist. Only highest value applied. Does not stack. After moving, if a skill that grants another action would be triggered (like with Galeforce), Canto will trigger again. Unit's base movement has no effect on movement granted. Cannot warp (using skills like Wings of Mercy) a distance greater than ３ space(s).)",Sword,spdBoost,3,canto3seiðr,0,atkBlow,3,spdBlow,3,reginn :),0,Reginn,,,,,,,
Arden's Blade,Arden's Blade,10,1,"Inflicts Spd-5. Unit attacks twice. (Even if foe initiates combat, unit attacks twice.)",Sword,spdBoost,-5,BraveBW,0,,,,,,,Arden,,,,,,,
Shamshir,Shamshir,16,1,Accelerates Special trigger (cooldown count-1). Deals +7 damage when Special triggers.,Sword,slaying,1,spDamageAdd,7,,,,,,,Marisa,,,,,,,
Blade of Renais,Blade of Renais,16,1,"Accelerates Special trigger (cooldown count-1). If unit initiates combat or is within 2 spaces of an ally, grants Atk/Spd/Def/Res+5 to unit, and also, if【Bonus】or【Penalty】is active on unit, deals damage = 20% of foe's Def, and also, if unit deals damage to foe during combat, restores HP to unit = 20% of foe's Def. (Triggers even if 0 damage is dealt.) 【Bonus】All effects that last ""for 1 turn"" or ""that turn only."" Includes bonuses granted by a skill like Rally or Hone and positive status effects (extra movement or effects like Dominance). 【Penalty】All effects that last ""on foe through its next action."" Includes penalties inflicted by a skill like Panic or Threaten and negative status effects (preventing counterattacks, restricting movement, or the effects of a skill like Triangle Adept or Guard).",Sword,slaying,1,renaisTwins,0,,,,,,,CH!Eirika,,,,,,,
Hallowed Tyrfing,Hallowed Tyrfing,16,1,"Accelerates Special trigger (cooldown count-1). At start of combat, if foe's HP ≥ 75%, grants Atk/Spd/Def/Res+5 to unit during combat, unit makes a guaranteed follow-up attack, and also, if unit initiates combat or if foe's range = 2, reduces damage from foe's first attack by 40%.",Sword,slaying,1,WaitIsHeAGhost,0,,,,,,,L!Sigurd,,,,,,,
Ladyblade,Ladyblade,11,1,"Enables【Canto (2)】. Inflicts Spd-5. Unit attacks twice. (Even if foe initiates combat, unit attacks twice.) Calculates damage using the lower of foe's Def or Res. 【Canto (2)】 After an attack, Assist skill, or structure destruction, unit can move 2 space(s). (Unit moves according to the Movement type. Once per turn. Cannot attack or assist. Only highest value applied. Does not stack. After moving, if a skill that grants another action would be triggered (like with Galeforce), Canto will trigger again. Unit's base movement has no effect on movement granted. Cannot warp (using skills like Wings of Mercy) a distance greater than 2 space(s).)",Sword,spdBoost,-5,BraveBW,0,canto2,0,permHexblade,0,,,P!Palla,,,,,,,
Genesis Falchion,Genesis Falchion,16,1,"Accelerates Special trigger (cooldown count-1). Effective against dragon foes. If unit initiates combat or is within 2 spaces of an ally, grants Atk/Spd/Def/Res+5 during combat, and also grants effects based on the total value of bonuses on the 3 allies with the highest bonus totals: If ≥ 10, neutralizes effects that guarantee foe's follow-up attacks and effects that prevent unit's follow-up attacks during combat. If ≥ 25, grants an additional Atk+5 during combat, and also, if unit deals damage to foe during combat, restores 5 HP to unit. (Triggers even if 0 damage is dealt.) If ≥ 60, if foe initiates combat, unit can counterattack before foe's first attack.",Sword,slaying,1,effDragon,0,SEGAAAA,0,,,,,BR!Marth,,,,,,,
Spendy Scimitar,Spendy Scimitar,16,1,"Accelerates Special trigger (cooldown count-1). If unit initiates combat or is within 2 spaces of an ally, grants bonus to Atk/Spd/Def/Res during combat based on the number of times unit has been enhanced using Dragonflowers (one or more times grants +6, zero times grants +4), and also, if unit has been enhanced using Dragonflowers two or more times, neutralizes effects that grant ""Special cooldown charge +X"" to foe or inflict ""Special cooldown charge -X"" on unit during combat.",Sword,slaying,1,"Hello, I like money",0,,,,,,,Malice,,,,,,,
Ancient Ragnell,Ancient Ragnell,16,1,"Grants Def+3. Unit can counterattack regardless of foe's range. At start of combat, if unit's HP ≥ 50% or【Bonus】is active on unit, inflicts Atk/Def-6 on foe during combat. 【Bonus】 All effects that last ""for 1 turn"" or ""that turn only."" Includes bonuses granted by a skill like Rally or Hone and positive status effects (extra movement or effects like Dominance).",Sword,defBoost,3,dCounter,0,ancientRagnell,0,,,,,Priam,,,,,,,
Lionness Blade,Lionness Blade,16,1,"Accelerates Special trigger (cooldown count-1). At start of combat, if unit's HP ≥ 25%, grants Atk/Spd+6 during combat, and if Special triggers (excluding area-of-effect Specials), disables non-Special skills that ""reduce damage by X%."" At start of combat, if unit's HP ≥ 25% and if foe's HP ≥ 75%, grants Special cooldown charge +1 per attack during combat. (Only highest value applied. Does not stack.)",Sword,slaying,1,lioness,0,,,,,,,Flavia,,,,,,,
Dark Creator S,Dark Creator S,16,1,"Grants Def+3. During combat, boosts unit's Atk/Def by number of allies with HP ≥ 90% × 2 (max 6). During unit's first combat in player phase or enemy phase, reduces damage from attacks during combat and from area-of-effect Specials (excluding Røkkr area-of-effect Specials) by percentage = number of allies with HP ≥ 90% × 15 (max 45%).",Sword,defBoost,3,DCSIYKYK,0,,,,,,,Nemesis,,,,,,,
Soleil's Shine,Soleil's Shine,16,1,Unit and foe cannot counterattack.,Sword,firesweep,0,,,,,,,,,Soleil,,,,,,,
Carnage Amatsu,Carnage Amatsu,16,1,"Grants Spd+3. Unit can counterattack regardless of foe's range. If unit is not adjacent to an ally and unit's Spd > foe's Spd, reduces damage from attacks during combat and from area-of-effect Specials (excluding Røkkr area-of-effect Specials) by percentage = difference between stats × 4 (max 40%).",Sword,spdBoost,3,dCounter,0,,,,,,,Yen'fey,,,,,,,
Ascending Blade,Ascending Blade,16,1,"Accelerates Special trigger (cooldown count-1). At the start of turn 1, grants Special cooldown count-1. At start of combat, if unit's HP ≥ 25%, grants Atk/Spd/Def/Res+5 during combat, neutralizes effects that guarantee foe's follow-up attacks and effects that prevent unit's follow-up attacks, and after combat, grants Special cooldown count-1.",Sword,slaying,1,turn1Pulse,1,ascendingBlade,0,,,,,A!Mareeta,,,,,,,
Lands Sword,Lands Sword,16,1,"Grants Atk+3. At start of combat, if unit's HP ≥ 25%, grants Atk/Spd+6 to unit during combat, neutralizes effects that prevent unit's follow-up attacks, disables non-Special effects that ""reduce damage by X%"" (excluding those inflicted on unit's area-of-effect Specials), prevents foe's Specials that are triggered by unit's attack, and restores 7 HP to unit after combat.",Sword,atkBoost,3,theLand,0,,,,,,,L!Nanna,,,,,,,
Sharp War Sword,Sharp War Sword,16,1,,Sword,,,,,,,,,,,CH!Mia,,,,,,,
Sturdy War Sword,Sturdy War Sword,16,1,,Sword,,,,,,,,,,,CH!Ike,,,,,,,
Regal Sunshade,Regal Sunshade,16,1,,Sword,,,,,,,,,,,SU!Edelgard,,,,,,,
Wanderer Blade,Wanderer Blade,16,1,,Sword,,,,,,,,,,,Rutger,,,,,,,
Holytide Tyrfing,Holytide Tyrfing,16,1,,Sword,,,,,,,,,,,B!Seliph,,,,,,,
Arcane Éljúðnir,Arcane Éljúðnir,16,1,,Sword,,,,,,,,,,,None,,,,,,,
Crimson Blades,Crimson Blades,11,1,,Sword,,,,,,,,,,,M!Shez,,,,,,,
Warrior's Sword,Warrior's Sword,16,1,,Sword,,,,,,,,,,,Holst,,,,,,,
Blade of Favors,Blade of Favors,16,1,,Sword,,,,,,,,,,,Gregor,,,,,,,
Libération,Libération,16,1,,Sword,,,,,,,,,,,F!Alear,M!Alear,,,,,,
Monarch Blade,Monarch Blade,16,1,,Sword,,,,,,,,,,,Lumera,,,,,,,
Queensblade,Queensblade,16,1,,Sword,,,,,,,,,,,Lucia,,,,,,,
Frelian Blade,Frelian Blade,16,1,,Sword,,,,,,,,,,,Syrene,,,,,,,
Fiery War Sword,Fiery War Sword,16,1,,Sword,,,,,,,,,,,CH!Eliwood,,,,,,,
Lone Wolf,Lone Wolf,16,1,,Sword,,,,,,,,,,,Felix,,,,,,,
Arcane Devourer,Arcane Devourer,16,1,,Sword,,,,,,,,,,,None,,,,,,,
Captain's Sword,Captain's Sword,16,1,,Sword,,,,,,,,,,,FA!F!Byleth,,,,,,,
Freeblade's Edge,Freeblade's Edge,16,1,,Sword,,,,,,,,,,,Eyvel,,,,,,,
Vassal-Saint Steel,Vassal-Saint Steel,16,1,,Sword,,,,,,,,,,,A!Fir,,,,,,,
Surfer's Spire,Surfer's Spire,11,1,,Sword,,,,,,,,,,,SU!F!Shez,,,,,,,
Fair-Fight Blade,Fair-Fight Blade,16,1,,Sword,,,,,,,,,,,Diamant,,,,,,,
Deliverer's Brand,,16,1,,Sword,,,,,,,,,,,B!F!Robin,,,,,,,
Iron Lance,,6,1,,Lance,,,,,,,,,,,None,,,,,,,
Steel Lance,,8,1,,Lance,,,,,,,,,,,None,,,,,,,
Silver Lance,,11,1,,Lance,,,,,,,,,,,None,,,,,,,
Silver Lance+,,15,1,,Lance,,,,,,,,,,,None,,,,,,,
Brave Lance,,5,1,,Lance,,,,,,,,,,,None,,,,,,,
Brave Lance+,,8,1,,Lance,,,,,,,,,,,None,,,,,,,
Sapphire Lance,,8,1,,Lance,,,,,,,,,,,None,,,,,,,
,,12,1,,Lance,,,,,,,,,,,None,,,,,,,
Killer Lance,,7,1,,Lance,,,,,,,,,,,None,,,,,,,
,,11,1,,Lance,,,,,,,,,,,None,,,,,,,
Slaying Lance,,10,1,,Lance,,,,,,,,,,,None,,,,,,,
,,14,1,,Lance,,,,,,,,,,,None,,,,,,,
Heavy Spear,,6,1,,Lance,,,,,,,,,,,None,,,,,,,
,,12,1,,Lance,,,,,,,,,,,None,,,,,,,
Slaying Spear,,10,1,,Lance,,,,,,,,,,,None,,,,,,,
,,14,1,,Lance,,,,,,,,,,,None,,,,,,,
Ridersbane,,10,1,,Lance,,,,,,,,,,,None,,,,,,,
,,14,1,,Lance,,,,,,,,,,,None,,,,,,,
Firesweep Lance,,11,1,,Lance,,,,,,,,,,,None,,,,,,,
,,15,1,,Lance,,,,,,,,,,,None,,,,,,,
Harmonic Lance,,9,1,,Lance,,,,,,,,,,,None,,,,,,,
,,13,1,,Lance,,,,,,,,,,,None,,,,,,,
Reprisal Lance,,10,1,,Lance,,,,,,,,,,,None,,,,,,,
,,14,1,,Lance,,,,,,,,,,,None,,,,,,,
Vanguard,,10,1,,Lance,,,,,,,,,,,None,,,,,,,
,,14,1,,Lance,,,,,,,,,,,None,,,,,,,
Barrier Lance,,10,1,,Lance,,,,,,,,,,,None,,,,,,,
,,14,1,,Lance,,,,,,,,,,,None,,,,,,,
Guard Lance,,10,1,,Lance,,,,,,,,,,,None,,,,,,,
,,14,1,,Lance,,,,,,,,,,,None,,,,,,,
Spirited Spear,,10,1,,Lance,,,,,,,,,,,None,,,,,,,
,,14,1,,Lance,,,,,,,,,,,None,,,,,,,
Instant Lance,,10,1,,Lance,,,,,,,,,,,None,,,,,,,
,,14,1,,Lance,,,,,,,,,,,None,,,,,,,
Carrot Lance,,9,1,,Lance,,,,,,,,,,,None,,,,,,,
,,13,1,,Lance,,,,,,,,,,,None,,,,,,,
First Bite,,10,1,,Lance,,,,,,,,,,,None,,,,,,,
,,14,1,,Lance,,,,,,,,,,,None,,,,,,,
Deft Harpoon,,10,1,,Lance,,,,,,,,,,,None,,,,,,,
,,14,1,,Lance,,,,,,,,,,,None,,,,,,,
Tannenboom!,,10,1,,Lance,,,,,,,,,,,None,,,,,,,
,,14,1,,Lance,,,,,,,,,,,None,,,,,,,
Casa Blanca,,10,1,,Lance,,,,,,,,,,,None,,,,,,,
,,14,1,,Lance,,,,,,,,,,,None,,,,,,,
Shell Lance,,10,1,,Lance,,,,,,,,,,,None,,,,,,,
,,14,1,,Lance,,,,,,,,,,,None,,,,,,,
Berkut's Lance,,10,1,,Lance,,,,,,,,,,,None,,,,,,,
,,14,1,,Lance,,,,,,,,,,,None,,,,,,,
Wagasa,,10,1,,Lance,,,,,,,,,,,None,,,,,,,
,,14,1,,Lance,,,,,,,,,,,None,,,,,,,
It's Curtains…,,10,1,,Lance,,,,,,,,,,,None,,,,,,,
,,14,1,,Lance,,,,,,,,,,,None,,,,,,,
Flashing Carrot,,10,1,,Lance,,,,,,,,,,,None,,,,,,,
,,14,1,,Lance,,,,,,,,,,,None,,,,,,,
Luncheon Lance,,10,1,,Lance,,,,,,,,,,,None,,,,,,,
,,14,1,,Lance,,,,,,,,,,,None,,,,,,,
Lofty Blossoms,,10,1,,Lance,,,,,,,,,,,None,,,,,,,
,,14,1,,Lance,,,,,,,,,,,None,,,,,,,
Gilt Fork,,10,1,,Lance,,,,,,,,,,,None,,,,,,,
,,14,1,,Lance,,,,,,,,,,,None,,,,,,,
Flowing Lance,,10,1,,Lance,,,,,,,,,,,None,,,,,,,
,,14,1,,Lance,,,,,,,,,,,None,,,,,,,
Courtly Candle,,10,1,,Lance,,,,,,,,,,,None,,,,,,,
,,14,1,,Lance,,,,,,,,,,,None,,,,,,,
Ninja Yari,,6,1,,Lance,,,,,,,,,,,None,,,,,,,
,,9,1,,Lance,,,,,,,,,,,None,,,,,,,
Candy Cane,,10,1,,Lance,,,,,,,,,,,None,,,,,,,
,,14,1,,Lance,,,,,,,,,,,None,,,,,,,
Springy Lance,,10,1,,Lance,,,,,,,,,,,None,,,,,,,
,,14,1,,Lance,,,,,,,,,,,None,,,,,,,
Trident,,10,1,,Lance,,,,,,,,,,,None,,,,,,,
,,14,1,,Lance,,,,,,,,,,,None,,,,,,,
Shellpoint Lance,,10,1,,Lance,,,,,,,,,,,None,,,,,,,
,,14,1,,Lance,,,,,,,,,,,None,,,,,,,
Steadfast Lance,,10,1,,Lance,,,,,,,,,,,None,,,,,,,
,,14,1,,Lance,,,,,,,,,,,None,,,,,,,
Stout Lance,,10,1,,Lance,,,,,,,,,,,None,,,,,,,
,,14,1,,Lance,,,,,,,,,,,None,,,,,,,
Ninja Naginata,,6,1,,Lance,,,,,,,,,,,None,,,,,,,
,,9,1,,Lance,,,,,,,,,,,None,,,,,,,
Unbound Lance,,10,1,,Lance,,,,,,,,,,,None,,,,,,,
,,14,1,,Lance,,,,,,,,,,,None,,,,,,,
Piercing Tribute,,10,1,,Lance,,,,,,,,,,,None,,,,,,,
,,14,1,,Lance,,,,,,,,,,,None,,,,,,,
Carrot-Tip Spear,,10,1,,Lance,,,,,,,,,,,None,,,,,,,
,,14,1,,Lance,,,,,,,,,,,None,,,,,,,
Allied Lance,,10,1,,Lance,,,,,,,,,,,None,,,,,,,
,,14,1,,Lance,,,,,,,,,,,None,,,,,,,
Bridal Sunflower,,10,1,,Lance,,,,,,,,,,,None,,,,,,,
,,14,1,,Lance,,,,,,,,,,,None,,,,,,,
Rein Lance,,10,1,,Lance,,,,,,,,,,,None,,,,,,,
,,14,1,,Lance,,,,,,,,,,,None,,,,,,,
Defier's Lance,,10,1,,Lance,,,,,,,,,,,None,,,,,,,
,,14,1,,Lance,,,,,,,,,,,None,,,,,,,
Vulture Lance,,10,1,,Lance,,,,,,,,,,,None,,,,,,,
,,14,1,,Lance,,,,,,,,,,,None,,,,,,,
Hare's Lance,,10,1,,Lance,,,,,,,,,,,None,,,,,,,
,,14,1,,Lance,,,,,,,,,,,None,,,,,,,
Up-Front Lance,,10,1,,Lance,,,,,,,,,,,None,,,,,,,
,,14,1,,Lance,,,,,,,,,,,None,,,,,,,
Protection Pike,,10,1,,Lance,,,,,,,,,,,None,,,,,,,
,,14,1,,Lance,,,,,,,,,,,None,,,,,,,
Siegmund,,16,1,,Lance,,,,,,,,,,,Ephraim,,,,,,,
Fensalir,,16,1,,Lance,,,,,,,,,,,Sharena,,,,,,,
Gradivus,,16,1,,Lance,,,,,,,,,,,Camus,,,,,,,
Cursed Lance,,16,1,,Lance,,,,,,,,,,,Valter,,,,,,,
Vidofnir,,16,1,,Lance,,,,,,,,,,,Tana,,,,,,,
Geirskögul,,16,1,,Lance,,,,,,,,,,,B!Lucina,,,,,,,
Leiptr,,16,1,,Lance,,,,,,,,,,,Fjorm,,,,,,,
Bright Naginata,,16,1,,Lance,,,,,,,,,,,Shiro,,,,,,,
Hinoka's Spear,,16,1,,Lance,,,,,,,,,,,Hinoka,,,,,,,
Flame Siegmund,,16,1,,Lance,,,,,,,,,,,L!Ephraim,,,,,,,
Rhomphaia,,16,1,,Lance,,,,,,,,,,,Clair,,,,,,,
Dauntless Lance,,16,1,,Lance,,,,,,,,,,,Nephenee,,,,,,,
Maltet,,16,1,,Lance,,,,,,,,,,,B!Hector,,,,,,,
Gáe Bolg,,16,1,,Lance,,,,,,,,,,,Quan,,,,,,,
Florina's Lance,,16,1,,Lance,,,,,,,,,,,Florina,,,,,,,
Shanna's Lance,,16,1,,Lance,,,,,,,,,,,Shanna,,,,,,,
Whitewing Lance,,16,1,,Lance,,,,,,,,,,,Catria,,,,,,,
Whitewing Spear,,16,1,,Lance,,,,,,,,,,,Est,,,,,,,
Festive Siegmund,,16,1,,Lance,,,,,,,,,,,WI!Ephraim,,,,,,,
Oboro's Spear,,16,1,,Lance,,,,,,,,,,,Oboro,,,,,,,
Peri's Lance,,16,1,,Lance,,,,,,,,,,,Peri,,,,,,,
Panther Lance,,16,1,,Lance,,,,,,,,,,,Abel,,,,,,,
Bull Spear,,16,1,,Lance,,,,,,,,,,,Sully,,,,,,,
Kriemhild,,16,1,,Lance,,,,,,,,,,,FA!Berkut,,,,,,,
Loyal Greatlance,,16,1,,Lance,,,,,,,,,,,Oscar,,,,,,,
Steady Lance,,16,1,,Lance,,,,,,,,,,,Roderick,,,,,,,
Noble Lance,,16,1,,Lance,,,,,,,,,,,Dimitri,,,,,,,
Nini's Ice Lance,,16,1,,Lance,,,,,,,,,,,B!Eliwood,,,,,,,
Scythe of Sariel,,16,1,,Lance,,,,,,,,,,,Death Knight,,,,,,,
Verðandi,,16,1,,Lance,,,,,,,,,,,DA!Berkut,,,,,,,
Sable Lance,,16,1,,Lance,,,,,,,,,,,Sirius,,,,,,,
Sol Lance,,16,1,,Lance,,,,,,,,,,,Forsyth,,,,,,,
Golden Naginata,,16,1,,Lance,,,,,,,,,,,Subaki,,,,,,,
Reginleif,,16,1,,Lance,,,,,,,,,,,P!Ephraim,,,,,,,
Prized Lance,,16,1,,Lance,,,,,,,,,,,Perceval,,,,,,,
Lordly Lance,,16,1,,Lance,,,,,,,,,,,Clive,,,,,,,
Knightly Lance,,16,1,,Lance,,,,,,,,,,,Mathilda,,,,,,,
Cordelia's Lance,,10,1,,Lance,,,,,,,,,,,Cordelia,,,,,,,
Earthly Gáe Bolg,,16,1,,Lance,,,,,,,,,,,Altena,,,,,,,
Mirage Feather,,16,1,,Lance,,,,,,,,,,,Tsubasa,,,,,,,
Thorn Lance,,16,1,,Lance,,,,,,,,,,,VA!Rudolf,,,,,,,
Veteran Lance,,16,1,,Lance,,,,,,,,,,,Jagen,,,,,,,
Whitedown Spear,,16,1,,Lance,,,,,,,,,,,CH!Palla,,,,,,,
Weighted Lance,,16,1,,Lance,,,,,,,,,,,Gwendolyn,,,,,,,
Hewn Lance,,11,1,,Lance,,,,,,,,,,,Donnel,,,,,,,
Apotheosis Spear,,16,1,,Lance,,,,,,,,,,,P!Anna,,,,,,,
Dark Royal Spear,,16,1,,Lance,,,,,,,,,,,Berkut,,,,,,,
Starpoint Lance,,16,1,,Lance,,,,,,,,,,,SU!Ingrid,,,,,,,
Spear of Shadow,,16,1,,Lance,,,,,,,,,,,F!Kris,,,,,,,
Moon Gradivus,,16,1,,Lance,,,,,,,,,,,B!Dimitri,,,,,,,
Flame Lance,,16,1,,Lance,,,,,,,,,,,Petrine,,,,,,,
Effie's Lance,,16,1,,Lance,,,,,,,,,,,Effie,,,,,,,
Spear of Assal,,16,1,,Lance,,,,,,,,,,,Seteth,,,,,,,
Areadbhar,,16,1,,Lance,,,,,,,,,,,L!Dimitri,,,,,,,
Obsidian Lance,,16,1,,Lance,,,,,,,,,,,Duessel,,,,,,,
Silesse Frost,,16,1,,Lance,,,,,,,,,,,Erinys,,,,,,,
Lúin,,16,1,,Lance,,,,,,,,,,,Ingrid,,,,,,,
Flower Lance,,16,1,,Lance,,,,,,,,,,,Sumia,,,,,,,
Hotshot Lance,,16,1,,Lance,,,,,,,,,,,Farina,,,,,,,
Lance of Frelia,,16,1,,Lance,,,,,,,,,,,CH!Tana,,,,,,,
Vengeful Lance,,16,1,,Lance,,,,,,,,,,,FA!Dimitri,,,,,,,
Bereft Lance,,16,1,,Lance,,,,,,,,,,,FA!Orson,,,,,,,
Holy Gradivus,,16,1,,Lance,,,,,,,,,,,Zeke,,,,,,,
Hrímfaxi,,16,1,,Lance,,,,,,,,,,,Nótt,,,,,,,
Divine Sea Spear,,16,1,,Lance,,,,,,,,,,,SU!Ashe,,,,,,,
Sea-Sear Lance,,16,1,,Lance,,,,,,,,,,,PI!Surtr,,,,,,,
Loyalty Spear,,10,1,,Lance,,,,,,,,,,,Finn,,,,,,,
Binding Reginleif,,16,1,,Lance,,,,,,,,,,,B!Eirika,,,,,,,
Sworn Lance,,16,1,,Lance,,,,,,,,,,,Silas,,,,,,,
Dryblade Lance,,16,1,,Lance,,,,,,,,,,,DE!Karla,,,,,,,
Wing-Lifted Spear,,16,1,,Lance,,,,,,,,,,,L!Caeda,,,,,,,
Azure Lance,,16,1,,Lance,,,,,,,,,,,Shigure,,,,,,,
Icy Maltet,,16,1,,Lance,,,,,,,,,,,Thea,,,,,,,
Jolly Jade Lance,,16,1,,Lance,,,,,,,,,,,Sain,,,,,,,
Heartbeat Lance,,16,1,,Lance,,,,,,,,,,,Kjelle,,,,,,,
Tri-Edge Lance,,16,1,,Lance,,,,,,,,,,,P!Est,,,,,,,
Geirdriful,,16,1,,Lance,,,,,,,,,,,B!Chrom,,,,,,,
Breaker Lance,,16,1,,Lance,,,,,,,,,,,Jeralt,,,,,,,
Firelight Lance,,16,1,,Lance,,,,,,,,,,,FF!Lyn,,,,,,,
Lance of Heroics,,16,1,,Lance,,,,,,,,,,,Cynthia,,,,,,,
Coyote's Lance,,16,1,,Lance,,,,,,,,,,,Hardin,,,,,,,
Prodigy Polearm,,16,1,,Lance,,,,,,,,,,,Caeldori,,,,,,,
Inseverable Spear,,16,1,,Lance,,,,,,,,,,,WI!Cordelia,,,,,,,
Arcane Qiang,,16,1,,Lance,,,,,,,,,,,None,,,,,,,
Dreaming Spear,,16,1,,Lance,,,,,,,,,,,Chloé,,,,,,,
Command Lance,,16,1,,Lance,,,,,,,,,,,Sigurn,,,,,,,
Queenslance,,16,1,,Lance,,,,,,,,,,,Geoffery,,,,,,,
Frelian Lance,,16,1,,Lance,,,,,,,,,,,Gilliam,,,,,,,
Masked Lance,,16,1,,Lance,,,,,,,,,,,Conrad,,,,,,,
Arcane Lúin,,16,1,,Lance,,,,,,,,,,,None,,,,,,,
Valbar's Lance,,16,1,,Lance,,,,,,,,,,,Valbar,,,,,,,
Revenger Lance,,16,1,,Lance,,,,,,,,,,,Cormag,,,,,,,
Chon'sin Sprig,,16,1,,Lance,,,,,,,,,,,BR!Say'ri,,,,,,,
Ilian Merc Lance,,16,1,,Lance,,,,,,,,,,,Noah,,,,,,,
Surfer's Spade,,16,1,,Lance,,,,,,,,,,,SU!Shez,,,,,,,
Thracia Kinglance,,16,1,,Lance,,,,,,,,,,,Travant,,,,,,,
Iron Axe,,6,1,,Axe,,,,,,,,,,,None,,,,,,,
Steel Axe,,8,1,,Axe,,,,,,,,,,,None,,,,,,,
Silver Axe,,11,1,,Axe,,,,,,,,,,,None,,,,,,,
,,15,1,,Axe,,,,,,,,,,,None,,,,,,,
Brave Axe,,5,1,,Axe,,,,,,,,,,,None,,,,,,,
,,8,1,,Axe,,,,,,,,,,,None,,,,,,,
Emerald Axe,,8,1,,Axe,,,,,,,,,,,None,,,,,,,
,,12,1,,Axe,,,,,,,,,,,None,,,,,,,
Killer Axe,,7,1,,Axe,,,,,,,,,,,None,,,,,,,
,,11,1,,Axe,,,,,,,,,,,None,,,,,,,
Slaying Axe,,10,1,,Axe,,,,,,,,,,,None,,,,,,,
,,14,1,,Axe,,,,,,,,,,,None,,,,,,,
Hammer,,8,1,,Axe,,,,,,,,,,,None,,,,,,,
,,12,1,,Axe,,,,,,,,,,,None,,,,,,,
Slaying Hammer,,10,1,,Axe,,,,,,,,,,,None,,,,,,,
,,14,1,,Axe,,,,,,,,,,,None,,,,,,,
Poleaxe,,10,1,,Axe,,,,,,,,,,,None,,,,,,,
,,14,1,,Axe,,,,,,,,,,,None,,,,,,,
Legion's Axe,,10,1,,Axe,,,,,,,,,,,None,,,,,,,
,,14,1,,Axe,,,,,,,,,,,None,,,,,,,
Wo Gùn,,9,1,,Axe,,,,,,,,,,,None,,,,,,,
,,13,1,,Axe,,,,,,,,,,,None,,,,,,,
Firesweep Axe,,11,1,,Axe,,,,,,,,,,,None,,,,,,,
,,15,1,,Axe,,,,,,,,,,,None,,,,,,,
Rearguard,,10,1,,Axe,,,,,,,,,,,None,,,,,,,
,,14,1,,Axe,,,,,,,,,,,None,,,,,,,
Guard Axe,,10,1,,Axe,,,,,,,,,,,None,,,,,,,
,,14,1,,Axe,,,,,,,,,,,None,,,,,,,
Barrier Axe,,10,1,,Axe,,,,,,,,,,,None,,,,,,,
,,14,1,,Axe,,,,,,,,,,,None,,,,,,,
Reprisal Axe,,10,1,,Axe,,,,,,,,,,,None,,,,,,,
,,14,1,,Axe,,,,,,,,,,,None,,,,,,,
Steadfast Axe,,10,1,,Axe,,,,,,,,,,,None,,,,,,,
,,14,1,,Axe,,,,,,,,,,,None,,,,,,,
Carrot Axe,,9,1,,Axe,,,,,,,,,,,None,,,,,,,
,,13,1,,Axe,,,,,,,,,,,None,,,,,,,
Melon Brusher,,10,1,,Axe,,,,,,,,,,,None,,,,,,,
,,14,1,,Axe,,,,,,,,,,,None,,,,,,,
Lilith Floatie,,10,1,,Axe,,,,,,,,,,,None,,,,,,,
,,14,1,,Axe,,,,,,,,,,,None,,,,,,,
Handbell,,10,1,,Axe,,,,,,,,,,,None,,,,,,,
,,14,1,,Axe,,,,,,,,,,,None,,,,,,,
Sack o' Gifts,,10,1,,Axe,,,,,,,,,,,None,,,,,,,
,,14,1,,Axe,,,,,,,,,,,None,,,,,,,
Hagoita,,10,1,,Axe,,,,,,,,,,,None,,,,,,,
,,14,1,,Axe,,,,,,,,,,,None,,,,,,,
Giant Spoon,,10,1,,Axe,,,,,,,,,,,None,,,,,,,
,,13,1,,Axe,,,,,,,,,,,None,,,,,,,
Ardent Service,,10,1,,Axe,,,,,,,,,,,None,,,,,,,
,,14,1,,Axe,,,,,,,,,,,None,,,,,,,
Beach Banner,,10,1,,Axe,,,,,,,,,,,None,,,,,,,
,,14,1,,Axe,,,,,,,,,,,None,,,,,,,
Hack-o'-Lantern,,10,1,,Axe,,,,,,,,,,,None,,,,,,,
,,14,1,,Axe,,,,,,,,,,,None,,,,,,,
Faithful Axe,,10,1,,Axe,,,,,,,,,,,None,,,,,,,
,,14,1,,Axe,,,,,,,,,,,None,,,,,,,
Shoreline Rake,,10,1,,Axe,,,,,,,,,,,None,,,,,,,
,,14,1,,Axe,,,,,,,,,,,None,,,,,,,
Huge Fan,,10,1,,Axe,,,,,,,,,,,None,,,,,,,
,,14,1,,Axe,,,,,,,,,,,None,,,,,,,
Deck Swabber,,10,1,,Axe,,,,,,,,,,,None,,,,,,,
,,14,1,,Axe,,,,,,,,,,,None,,,,,,,
Plegian Axe,,10,1,,Axe,,,,,,,,,,,None,,,,,,,
,,14,1,,Axe,,,,,,,,,,,None,,,,,,,
Springy Axe,,10,1,,Axe,,,,,,,,,,,None,,,,,,,
,,14,1,,Axe,,,,,,,,,,,None,,,,,,,
Love Candelabra,,10,1,,Axe,,,,,,,,,,,None,,,,,,,
,,14,1,,Axe,,,,,,,,,,,None,,,,,,,
Victorfish,,10,1,,Axe,,,,,,,,,,,None,,,,,,,
,,14,1,,Axe,,,,,,,,,,,None,,,,,,,
Ninja Masakari,,6,1,,Axe,,,,,,,,,,,None,,,,,,,
,,9,1,,Axe,,,,,,,,,,,None,,,,,,,
Helmsman Axe,,10,1,,Axe,,,,,,,,,,,None,,,,,,,
,,14,1,,Axe,,,,,,,,,,,None,,,,,,,
Instant Axe,,10,1,,Axe,,,,,,,,,,,None,,,,,,,
,,14,1,,Axe,,,,,,,,,,,None,,,,,,,
Unbound Axe,,10,1,,Axe,,,,,,,,,,,None,,,,,,,
,,14,1,,Axe,,,,,,,,,,,None,,,,,,,
Shuriken Cleaver,,6,1,,Axe,,,,,,,,,,,None,,,,,,,
,,9,1,,Axe,,,,,,,,,,,None,,,,,,,
Spirited Axe,,10,1,,Axe,,,,,,,,,,,None,,,,,,,
,,14,1,,Axe,,,,,,,,,,,None,,,,,,,
Rein Axe,,10,1,,Axe,,,,,,,,,,,None,,,,,,,
,,14,1,,Axe,,,,,,,,,,,None,,,,,,,
Seahorse Axe,,10,1,,Axe,,,,,,,,,,,None,,,,,,,
,,14,1,,Axe,,,,,,,,,,,None,,,,,,,
Vulture Axe,,10,1,,Axe,,,,,,,,,,,None,,,,,,,
,,14,1,,Axe,,,,,,,,,,,None,,,,,,,
Stout Axe,,10,1,,Axe,,,,,,,,,,,None,,,,,,,
,,14,1,,Axe,,,,,,,,,,,None,,,,,,,
Petalfall Vase,,10,1,,Axe,,,,,,,,,,,None,,,,,,,
,,14,1,,Axe,,,,,,,,,,,None,,,,,,,
Defier's Axe,,10,1,,Axe,,,,,,,,,,,None,,,,,,,
,,14,1,,Axe,,,,,,,,,,,None,,,,,,,
Allied Axe,,10,1,,Axe,,,,,,,,,,,None,,,,,,,
,,14,1,,Axe,,,,,,,,,,,None,,,,,,,
Wooden Tackle,,10,1,,Axe,,,,,,,,,,,None,,,,,,,
,,14,1,,Axe,,,,,,,,,,,None,,,,,,,
Dolphin-Dive Axe,,,1,,Axe,,,,,,,,,,,SU!Caeda,,,,,,,
Masking Axe,,,1,,Axe,,,,,,,,,,,Gerone,,,,,,,
Fair-Fury Axe,,,1,,Axe,,,,,,,,,,,Charlotte,,,,,,,
Whirling Grace,,,1,,Axe,,,,,,,,,,,CF!Larcei,,,,,,,
Auto-Lofnheiðr,,,1,,Axe,,,,,,,,,,,Ótr,,,,,,,
Nifl's Bite,,,1,,Axe,,,,,,,,,,,A!Fjorm,,,,,,,
Armads,,,1,,Axe,,,,,,,,,,,Hector,,,,,,,
Hauteclere,,,1,,Axe,,,,,,,,,,,Minerva,,,,,,,
Nóatún,,,1,,Axe,,,,,,,,,,,Anna,,,,,,,
Urvan,,,1,,Axe,,,,,,,,,,,B!Ike,,,,,,,
Urðr,,,1,,Axe,,,,,,,,,,,DA!Azura,,,,,,,
Stout Tomahawk,,,1,,Axe,,,,,,,,,,,Dorcas,,,,,,,
Basilikos,,,1,,Axe,,,,,,,,,,,Raven,Linus,,,,,,
Berserk Armads,,,1,,Axe,,,,,,,,,,,Hector,V!Hector,,,,,,
Camilla's Axe,,,1,,Axe,,,,,,,,,,,Camilla,,,,,,,
Thunder Armads,,,1,,Axe,,,,,,,,,,,L!Hector,,,,,,,
Draconic Poleax,,,1,,Axe,,,,,,,,,,,Titania,,,,,,,
Wolf Berg,,,1,,Axe,,,,,,,,,,,Walhart,,,,,,,
Garm,,,1,,Axe,,,,,,,,,,,B!Ephraim,,,,,,,
Cherche's Axe,,,1,,Axe,,,,,,,,,,,Cherche,,,,,,,
Býleistr,,,1,,Axe,,,,,,,,,,,Helbindi,,,,,,,
Axe of Virility,,,1,,Axe,,,,,,,,,,,Bartre,,,,,,,
Sinmara,,,1,,Axe,,,,,,,,,,,Surtr,,,,,,,
Grado Poleax,,,1,,Axe,,,,,,,,,,,Amelia,,,,,,,
Eldhrímnir,,,1,,Axe,,,,,,,,,,,SP!Felicia,,,,,,,
Victorious Axe,,,1,,Axe,,,,,,,,,,,Edelgard,,,,,,,
Beruka's Axe,,,1,,Axe,,,,,,,,,,,Beruka,,,,,,,
Freikugel,,,1,,Axe,,,,,,,,,,,TH!Hilda,,,,,,,
Guardian's Axe,,,1,,Axe,,,,,,,,,,,Hawkeye,,,,,,,
Frederick's Axe,,,1,,Axe,,,,,,,,,,,Frederick,,,,,,,
Arthur's Axe,,,1,,Axe,,,,,,,,,,,Arthur,,,,,,,
Vouge,,,1,,Axe,,,,,,,,,,,Osian,,,,,,,
Mirage Axe,,,1,,Axe,,,,,,,,,,,Mamori,,,,,,,
Devil Axe,,,1,,Axe,,,,,,,,,,,Barst,,,,,,,
Scepter of Love,,,1,,Axe,,,,,,,,,,,V!Alm,,,,,,,
Crusher,,,1,,Axe,,,,,,,,,,,Annette,,,,,,,
Bun-Bun Baton,,,1,,Axe,,,,,,,,,,,SP!Fir,,,,,,,
Inveterate Axe,,,1,,Axe,,,,,,,,,,,Gunter,,,,,,,
Rinkah's Club,,,1,,Axe,,,,,,,,,,,Rinkah,,,,,,,
Aymr,,,1,,Axe,,,,,,,,,,,L!Edelgard,,,,,,,
Dragoon Axe,,,1,,Axe,,,,,,,,,,,CH!Minerva,,,,,,,
Runeaxe,,,1,,Axe,,,,,,,,,,,Narcian,,,,,,,
Crimson Axe,,,1,,Axe,,,,,,,,,,,Sheena,,,,,,,
Sneering Axe,,,1,,Axe,,,,,,,,,,,Legion,,,,,,,
Hel's Reaper,,,1,,Axe,,,,,,,,,,,Hel,,,,,,,
Gate-Anchor Axe,,,1,,Axe,,,,,,,,,,,PI!Veronica,,,,,,,
Flower Hauteclere,,,1,,Axe,,,,,,,,,,,B!Edelgard,,,,,,,
Talregan Axe,,,1,,Axe,,,,,,,,,,,Jill,,,,,,,
Twin Star Axe,,,1,,Axe,,,,,,,,,,,NI!Laevatein,,,,,,,
Tiger-Roar Axe,,,1,,Axe,,,,,,,,,,,Dieck,,,,,,,
Loyalist Axe,,,1,,Axe,,,,,,,,,,,V!Gustav,,,,,,,
Goddess Axe,,,1,,Axe,,,,,,,,,,,Lex,,,,,,,
Skinfaxi,,,1,,Axe,,,,,,,,,,,Dagr,,,,,,,
Axe of Despair,,,1,,Axe,,,,,,,,,,,FA!F!Morgan,,,,,,,
Wedding-Bell Axe,,,1,,Axe,,,,,,,,,,,BR!Catria,,,,,,,
Fanged Basilikos,,,1,,Axe,,,,,,,,,,,Linus,,,,,,,
War-God Mjölnir,,,1,,Axe,,,,,,,,,,,Thórr,,,,,,,
Inviolable Axe,,,1,,Axe,,,,,,,,,,,Libra,,,,,,,
Gerbera Axe,,,1,,Axe,,,,,,,,,,,V!Lucina,,,,,,,
Pastel Poleaxe,,,1,,Axe,,,,,,,,,,,SP!Maria,,,,,,,
Large War Axe,,,1,,Axe,,,,,,,,,,,CH!Boyd,,,,,,,
Headsman Glitnir,,,1,,Axe,I am Gustav. My flesh has been reconstructed by the dread power of Hel.,0,,,,,,,,,FA!Gustav,,,,,,,
Blazing Polearms,,,1,,Axe,,,,,,,,,,,BR!Roy,,,,,,,
Unyielding Oar,,,1,,Axe,,,,,,,,,,,SU!Dimitri,,,,,,,
Ebon Bölverk,,,1,,Axe,,,,,,,,,,,L!Xander,,,,,,,
Tempest's Claw,,,1,,Axe,,,,,,,,,,,Haar,,,,,,,
Fuming Freikugel,,,1,,Axe,,,,,,,,,,,A!TH!Hilda,,,,,,,
Crimson War-Axe,,,1,,Axe,,,,,,,,,,,F!Shez,,,,,,,
Wyvern Ono,,,1,,Axe,,,,,,,,,,,NI!Cherche,,,,,,,
Arcane Downfall,,,1,,Axe,,,,,,,,,,,None,,,,,,,
Aurgelmir,,,1,,Axe,,,,,,,,,,,Hans,,,,,,,
Solemn Axe,,,1,,Axe,,,,,,,,,,,WI!Black Knight,,,,,,,
Sisterly War Axe,,,1,,Axe,,,,,,,,,,,SP!Karla,,,,,,,
Valiant War Axe,,,1,,Axe,,,,,,,,,,,CH!Hector,,,,,,,
Dead-Fang Axe,,,1,,Axe,,,,,,,,,,,FA!Linus,,,,,,,
Wyvern Hatchet,,,1,,Axe,,,,,,,,,,,Murdock,,,,,,,
Seafoam Splitter,,,1,,Axe,,,,,,,,,,,SU!Ephraim,,,,,,,
Father's-Son Axe,,10,1,,Axe,,,,,,,,,,,Ross,,,,,,,
Desert-Tiger Axe,,,1,,Axe,,,,,,,,,,,Gerik,,,,,,,
Western Axe,,,1,,Axe,,,,,,,,,,,Echidna,,,,,,,
Fortune Bow,Fortune Bow,8,2,,Bow,,,,,,,,,,,None,,,,,,,
Fortune Bow+,Fortune Bow+,12,2,,Bow,,,,,,,,,,,None,,,,,,,
Spendthrift Bow,Spendthrift Bow,8,2,,Bow,,,,,,,,,,,None,,,,,,,
Spendthrift Bow+,Spendthrift Bow+,12,2,,Bow,,,,,,,,,,,None,,,,,,,
Coral Bow,Coral Bow,8,2,,Bow,,,,,,,,,,,None,,,,,,,
Coral Bow+,Coral Bow+,12,2,,Bow,,,,,,,,,,,None,,,,,,,
Helm Bow,Helm Bow,8,2,,Bow,,,,,,,,,,,None,,,,,,,
Helm Bow+,Helm Bow+,12,2,,Bow,,,,,,,,,,,None,,,,,,,
Guardian's Bow,Guardian's Bow,14,2,,Bow,,,,,,,,,,,Igrene,,,,,,,
Rose-Quartz Bow,Rose-Quartz Bow,14,2,,Bow,,,,,,,,,,,BR!Shanna,,,,,,,
Ninja Yumi,Ninja Yumi,4,2,,Bow,,,,,,,,,,,None,,,,,,,
Ninja Yumi+,Ninja Yumi+,7,2,,Bow,,,,,,,,,,,None,,,,,,,
Rapid-Crier Bow,Rapid-Crier Bow,14,2,,Bow,,,,,,,,,,,Neimi,,,,,,,
Destiny's Bow,Destiny's Bow,14,2,,Bow,,,,,,,,,,,V!Chrom,,,,,,,
Fujin-Raijin Yumi,Fujin-Raijin Yumi,14,2,,Bow,,,,,,,,,,,L!Hinoka,,,,,,,
Develish Bow,,,2,,Bow,,,,,,,,,,,None,,,,,,,
,,,2,,Bow,,,,,,,,,,,None,,,,,,,
Courtly Bow,,,2,,Bow,,,,,,,,,,,None,,,,,,,
,,,2,,Bow,,,,,,,,,,,None,,,,,,,
Reindeer Bow,,,2,,Bow,,,,,,,,,,,None,,,,,,,
,,,2,,Bow,,,,,,,,,,,None,,,,,,,
Whitecap Bow,,,2,,Bow,,,,,,,,,,,None,,,,,,,
,,,2,,Bow,,,,,,,,,,,None,,,,,,,
Flamefrost Bow,,,2,,Bow,,,,,,,,,,,NI!Laegjarn,,,,,,,
Bow of Repose,,,2,,Bow,,,,,,,,,,,SP!Bernadetta,,,,,,,
Partnership Bow,,,2,,Bow,,,,,,,,,,,SU!Shamir,,,,,,,
Thögn,,,2,,Bow,,,,,,,,,,,L!Lucina,,,,,,,
Deep-Blue Bow,,,2,,Bow,,,,,,,,,,,SU!Lyn,,,,,,,
Randgríðr,,,2,,Bow,,,,,,,,,,,L!Chrom,,,,,,,
Daniel-Made Bow,,,2,,Bow,,,,,,,,,,,Jorge,,,,,,,
Indignant Bow,,,2,,Bow,,,,,,,,,,,Rowan,,,,,,,
Holy Yewfelle,,,2,,Bow,,,,,,,,,,,Ullr,,,,,,,
Kabura Ya,,,2,,Bow,,,,,,,,,,,None,,,,,,,
,,,2,,Bow,,,,,,,,,,,None,,,,,,,
Big-Catch Bow,,,2,,Bow,,,,,,,,,,,None,,,,,,,
,,,2,,Bow,,,,,,,,,,,None,,,,,,,
Springy Bow,,,2,,Bow,,,,,,,,,,,None,,,,,,,
,,,2,,Bow,,,,,,,,,,,None,,,,,,,
Mermaid Bow,,,2,,Bow,,,,,,,,,,,PI!Hinoka,,,,,,,
Damiell Bow,,,2,,Bow,,,,,,,,,,,Astrid,,,,,,,
Jötnar Bow,,,2,,Bow,,,,,,,,,,,NY!Dagr,,,,,,,
Quick Mulagir,,,2,,Bow,,,,,,,,,,,L!Lyn,,,,,,,
Snide Bow,,,2,,Bow,,,,,,,,,,,Python,,,,,,,
Duskbloom Bow,,,2,,Bow,,,,,,,,,,,V!Leo,,,,,,,
Heartbroker Bow,,,2,,Bow,,,,,,,,,,,BR!Anna,,,,,,,
Swift Mulagir,,,2,,Bow,,,,,,,,,,,Sue,,,,,,,
Survivalist Bow,,,2,,Bow,,,,,,,,,,,Shamir,,,,,,,
Iron Bow,,,2,,Bow,,,,,,,,,,,None,,,,,,,
Steel Bow,,,2,,Bow,,,,,,,,,,,None,,,,,,,
Silver Bow,,,2,,Bow,,,,,,,,,,,None,,,,,,,
Silver Bow+,,,2,,Bow,,,,,,,,,,,None,,,,,,,
Brave Bow,,,2,,Bow,,,,,,,,,,,None,,,,,,,
,,,2,,Bow,,,,,,,,,,,None,,,,,,,
Killer Bow,,,2,,Bow,,,,,,,,,,,None,,,,,,,
,,,2,,Bow,,,,,,,,,,,None,,,,,,,
Assassin's Bow,,,2,,Bow,,,,,,,,,,,None,,,,,,,
,,,2,,Bow,,,,,,,,,,,None,,,,,,,
Firesweep Bow,,,2,,Bow,,,,,,,,,,,None,,,,,,,
,,,2,,Bow,,,,,,,,,,,None,,,,,,,
Cupid Arrow,,,2,,Bow,,,,,,,,,,,None,,,,,,,
,,,2,,Bow,,,,,,,,,,,None,,,,,,,
Clarisse's Bow,,,2,,Bow,,,,,,,,,,,None,,,,,,,
,,,2,,Bow,,,,,,,,,,,None,,,,,,,
Refreshing Bold,,,2,,Bow,,,,,,,,,,,None,,,,,,,
,,,2,,Bow,,,,,,,,,,,None,,,,,,,
Slaying Bow,,,2,,Bow,,,,,,,,,,,None,,,,,,,
,,,2,,Bow,,,,,,,,,,,None,,,,,,,
Monstrous Bow,,,2,,Bow,,,,,,,,,,,None,,,,,,,
,,,2,,Bow,,,,,,,,,,,None,,,,,,,
Guard Bow,,,2,,Bow,,,,,,,,,,,None,,,,,,,
,,,2,,Bow,,,,,,,,,,,None,,,,,,,
Hama Ya,,,2,,Bow,,,,,,,,,,,None,,,,,,,
,,,2,,Bow,,,,,,,,,,,None,,,,,,,
Gratia,,,2,,Bow,,,,,,,,,,,None,,,,,,,
,,,2,,Bow,,,,,,,,,,,None,,,,,,,
Cocobow,,,2,,Bow,,,,,,,,,,,None,,,,,,,
,,,2,,Bow,,,,,,,,,,,None,,,,,,,
Fishie Bow,,,2,,Bow,,,,,,,,,,,None,,,,,,,
,,,2,,Bow,,,,,,,,,,,None,,,,,,,
Shining Bow,,,2,,Bow,,,,,,,,,,,None,,,,,,,
,,,2,,Bow,,,,,,,,,,,None,,,,,,,
Beguiling Bow,,,2,,Bow,,,,,,,,,,,None,,,,,,,
,,,2,,Bow,,,,,,,,,,,None,,,,,,,
Bouquet Bow,,,2,,Bow,,,,,,,,,,,None,,,,,,,
,,,2,,Bow,,,,,,,,,,,None,,,,,,,
Fiddlestick Bow,,,2,,Bow,,,,,,,,,,,None,,,,,,,
,,,2,,Bow,,,,,,,,,,,None,,,,,,,
Candlewax Bow,,,2,,Bow,,,,,,,,,,,None,,,,,,,
,,,2,,Bow,,,,,,,,,,,None,,,,,,,
Budding Bow,,,2,,Bow,,,,,,,,,,,None,,,,,,,
,,,2,,Bow,,,,,,,,,,,None,,,,,,,
Plegian Bow,,,2,,Bow,,,,,,,,,,,None,,,,,,,
,,,2,,Bow,,,,,,,,,,,None,,,,,,,
Rein Bow,,,2,,Bow,,,,,,,,,,,None,,,,,,,
,,,2,,Bow,,,,,,,,,,,None,,,,,,,
Sunflower Bow,,,2,,Bow,,,,,,,,,,,None,,,,,,,
,,,2,,Bow,,,,,,,,,,,None,,,,,,,
Instant Bow,,,2,,Bow,,,,,,,,,,,None,,,,,,,
,,,2,,Bow,,,,,,,,,,,None,,,,,,,
Tannenbow,,,2,,Bow,,,,,,,,,,,None,,,,,,,
,,,2,,Bow,,,,,,,,,,,None,,,,,,,
Carrot-Tip Bow,,,2,,Bow,,,,,,,,,,,None,,,,,,,
,,,2,,Bow,,,,,,,,,,,None,,,,,,,
Wyvern Yumi,,,2,,Bow,,,,,,,,,,,None,,,,,,,
,,,2,,Bow,,,,,,,,,,,None,,,,,,,
Unbound Bow,,,2,,Bow,,,,,,,,,,,None,,,,,,,
,,,2,,Bow,,,,,,,,,,,None,,,,,,,
Peppy Bow,,,2,,Bow,,,,,,,,,,,None,,,,,,,
,,,2,,Bow,,,,,,,,,,,None,,,,,,,
Protection Bow,,,2,,Bow,,,,,,,,,,,None,,,,,,,
,,,2,,Bow,,,,,,,,,,,None,,,,,,,
Defier's Bow,,,2,,Bow,,,,,,,,,,,None,,,,,,,
,,,2,,Bow,,,,,,,,,,,None,,,,,,,
Short Bow,,,2,,Bow,,,,,,,,,,,None,,,,,,,
,,,2,,Bow,,,,,,,,,,,None,,,,,,,
Parthia,,,2,,Bow,,,,,,,,,,,Jeorge,,,,,,,
Fujin Yumi,,,2,,Bow,,,,,,,,,,,Takumi,,,,,,,
Nidhogg,,,2,,Bow,,,,,,,,,,,Innes,,,,,,,
Mulagir,,,2,,Bow,,,,,,,,,,,B!Lyn,,,,,,,
Skadi,,,2,,Bow,,,,,,,,,,,FA!Takumi,,,,,,,
Warrior Princess,,,2,,Bow,,,,,,,,,,,P!Hinoka,,,,,,,
Niles's Bow,,,2,,Bow,,,,,,,,,,,Niles,,,,,,,
Argent Bow,,,2,,Bow,,,,,,,,,,,Klein,,,,,,,
Luna Arc,,,2,,Bow,,,,,,,,,,,L!Alm,,,,,,,
Bow of Devotion,,,2,,Bow,,,,,,,,,,,Faye,,,,,,,
Cunning Bow,,,2,,Bow,,,,,,,,,,,Claude,,,,,,,
Dignified Bow,,,2,,Bow,,,,,,,,,,,Virion,,,,,,,
Meisterbogen,,,2,,Bow,,,,,,,,,,,L!Leif,,,,,,,
Renowned Bow,,,2,,Bow,,,,,,,,,,,Gordin,,,,,,,
Tanngrisnir,,,2,,Bow,,,,,,,,,,,WI!Marth,,,,,,,
Rebecca's Bow,,,2,,Bow,,,,,,,,,,,Rebecca,,,,,,,
Mirage Longbow,,,2,,Bow,,,,,,,,,,,Eleonora,,,,,,,
Persecution Bow,,,2,,Bow,,,,,,,,,,,Bernadetta,,,,,,,
Bow of Beauty,,,2,,Bow,,,,,,,,,,,Leon,,,,,,,
Sniper's Bow,,,2,,Bow,,,,,,,,,,,Clarisse,,,,,,,
Setsuna's Yumi,,,2,,Bow,,,,,,,,,,,Setsuna,,,,,,,
Wind Parthia,,,2,,Bow,,,,,,,,,,,B!Claude,,,,,,,
Double Bow,,,2,,Bow,,,,,,,,,,,Shinon,,,,,,,
First-Dream Bow,,,2,,Bow,,,,,,,,,,,NY!Plumeria,,,,,,,
Spy-Song Bow,,,2,,Bow,,,,,,,,,,,Nina,,,,,,,
Failnaught,,,2,,Bow,,,,,,,,,,,L!Claude,,,,,,,
Bow of Frelia,,,2,,Bow,,,,,,,,,,,CH!Innes,,,,,,,
Bow of Twelve,,,2,,Bow,,,,,,,,,,,CF!Leif,,,,,,,
Keen Coyote Bow,,,2,,Bow,,,,,,,,,,,Wolf,,,,,,,
Flame of Múspell,,,2,,Bow,,,,,,,,,,,A!Laegjarn,,,,,,,
Bow of Verdane,,,2,,Bow,,,,,,,,,,,Jamke,,,,,,,
New-Height Bow,,,2,,Bow,,,,,,,,,,,A!Florina,,,,,,,
Volunteer Bow,,,2,,Bow,,,,,,,,,,,Norne,,,,,,,
Arcane Náströnd,,,2,,Bow,,,,,,,,,,,None,,,,,,,
Gusty War Bow,,,2,,Bow,,,,,,,,,,,CH!Rebecca,,,,,,,
Voildrake Bow,,,2,,Bow,,,,,,,,,,,Tanya,,,,,,,
Arcane Darkbow,,,2,,Bow,,,,,,,,,,,None,,,,,,,
Aptitude Arrows,,,2,,Bow,,,,,,,,,,,Cyril,,,,,,,
Red-Hot Ducks,Red-Hot Ducks,8,2,,Dagger,,,,,,,,,,,None,,,,,,,
Red-Hot Ducks+,Red-Hot Ducks+,12,2,,Dagger,,,,,,,,,,,None,,,,,,,
Pegasus Carrot,Pegasus Carrot,8,2,,Dagger,,,,,,,,,,,None,,,,,,,
Pegasus Carrot+,Pegasus Carrot+,12,2,,Dagger,,,,,,,,,,,None,,,,,,,
Broadleaf Fan,Broadleaf Fan,8,2,,Dagger,,,,,,,,,,,None,,,,,,,
Broadleaf Fan+,Broadleaf Fan+,12,2,,Dagger,,,,,,,,,,,None,,,,,,,
Temari,Temari,8,2,,Dagger,,,,,,,,,,,None,,,,,,,
Temari+,Temari+,12,2,,Dagger,,,,,,,,,,,None,,,,,,,
Fireman's Hook,Fireman's Hook,14,2,,Dagger,,,,,,,,,,,Volke,,,,,,,
Niðavellir Sprig,Niðavellir Sprig,14,2,,Dagger,,,,,,,,,,,NY!Fáfnir,,,,,,,
Bunny's Egg,Bunny's Egg,8,2,,Dagger,,,,,,,,,,,None,,,,,,,
Bunny's Egg+,Bunny's Egg+,12,2,,Dagger,,,,,,,,,,,None,,,,,,,
Abyssal Blade,Abyssal Blade,14,2,,Dagger,,,,,,,,,,,None,,,,,,,
Hoarfrost Knife,Hoarfrost Knife,14,2,,Dagger,,,,,,,,,,,Flora,,,,,,,
Sæhrímnir,Sæhrímnir,14,2,,Dagger,,,,,,,,,,,SP!Flora,,,,,,,
Sky Maiougi,,,2,,Dagger,,,,,,,,,,,None,,,,,,,
,,,2,,Dagger,,,,,,,,,,,None,,,,,,,
Quick Dagger,,,2,,Dagger,,,,,,,,,,,None,,,,,,,
,,,2,,Dagger,,,,,,,,,,,None,,,,,,,
Sylgr,,,2,,Dagger,,,,,,,,,,,Ylgr,,,,,,,
Hunting Blade,,,2,,Dagger,,,,,,,,,,,Petra,,,,,,,
Dreamflake,,,2,,Dagger,,,,,,,,,,,WI!Mirabilis,,,,,,,
Frozen Delight,,,2,,Dagger,,,,,,,,,,,SU!Claude,,,,,,,
Asura Blades,,,2,,Dagger,,,,,,,,,,,L!F!Shez,,,,,,,
Bottled Juice,,,2,,Dagger,,,,,,,,,,,None,,,,,,,
,,,2,,Dagger,,,,,,,,,,,None,,,,,,,
Cloud Maiougi,,,2,,Dagger,,,,,,,,,,,None,,,,,,,
,,,2,,Dagger,,,,,,,,,,,None,,,,,,,
Splashy Bucket,,,2,,Dagger,,,,,,,,,,,None,,,,,,,
,,,2,,Dagger,,,,,,,,,,,None,,,,,,,
Minty Cane,,,2,,Dagger,,,,,,,,,,,None,,,,,,,
,,,2,,Dagger,,,,,,,,,,,None,,,,,,,
Courtly Mask,,,2,,Dagger,,,,,,,,,,,None,,,,,,,
,,,2,,Dagger,,,,,,,,,,,None,,,,,,,
Vicious Dagger,,,2,,Dagger,,,,,,,,,,,None,,,,,,,
,,,2,,Dagger,,,,,,,,,,,None,,,,,,,
Armorpin Dagger,,,2,,Dagger,,,,,,,,,,,None,,,,,,,
,,,2,,Dagger,,,,,,,,,,,None,,,,,,,
Florid Knife,,,2,,Dagger,,,,,,,,,,,None,,,,,,,
,,,2,,Dagger,,,,,,,,,,,None,,,,,,,
Kindling Taiko,,,2,,Dagger,,,,,,,,,,,FF!Tana,,,,,,,
"Ymir, Everliving",,,2,,Dagger,,,,,,,,,,,A!Eir,,,,,,,
Iron Dagger,,,2,,Dagger,,,,,,,,,,,None,,,,,,,
Steel Dagger,,,2,,Dagger,,,,,,,,,,,None,,,,,,,
Silver Dagger,,,2,,Dagger,,,,,,,,,,,None,,,,,,,
,,,2,,Dagger,,,,,,,,,,,None,,,,,,,
Smoke Dagger,,,2,,Dagger,,,,,,,,,,,None,,,,,,,
,,,2,,Dagger,,,,,,,,,,,None,,,,,,,
Rogue Dagger,,,2,,Dagger,,,,,,,,,,,None,,,,,,,
,,,2,,Dagger,,,,,,,,,,,None,,,,,,,
Poison Dagger,,,2,,Dagger,,,,,,,,,,,None,,,,,,,
,,,2,,Dagger,,,,,,,,,,,None,,,,,,,
Barb Shuriken,,,2,,Dagger,,,,,,,,,,,None,,,,,,,
,,,2,,Dagger,,,,,,,,,,,None,,,,,,,
The Cleaner,,,2,,Dagger,,,,,,,,,,,None,,,,,,,
,,,2,,Dagger,,,,,,,,,,,None,,,,,,,
Seashell,,,2,,Dagger,,,,,,,,,,,None,,,,,,,
,,,2,,Dagger,,,,,,,,,,,None,,,,,,,
Dancer's Fan,,,2,,Dagger,,,,,,,,,,,None,,,,,,,
,,,2,,Dagger,,,,,,,,,,,None,,,,,,,
Kitty Paddle,,,2,,Dagger,,,,,,,,,,,None,,,,,,,
,,,2,,Dagger,,,,,,,,,,,None,,,,,,,
Kagami Mochi,,,2,,Dagger,,,,,,,,,,,None,,,,,,,
,,,2,,Dagger,,,,,,,,,,,None,,,,,,,
Lethal Carrot,,,2,,Dagger,,,,,,,,,,,None,,,,,,,
,,,2,,Dagger,,,,,,,,,,,None,,,,,,,
Starfish,,,2,,Dagger,,,,,,,,,,,None,,,,,,,
,,,2,,Dagger,,,,,,,,,,,None,,,,,,,
Dusk Uchiwa,,,2,,Dagger,,,,,,,,,,,None,,,,,,,
,,,2,,Dagger,,,,,,,,,,,None,,,,,,,
Goodie Boot,,,2,,Dagger,,,,,,,,,,,None,,,,,,,
,,,2,,Dagger,,,,,,,,,,,None,,,,,,,
Ouch Pouch,,,2,,Dagger,,,,,,,,,,,None,,,,,,,
,,,2,,Dagger,,,,,,,,,,,None,,,,,,,
Tropical Treats,,,2,,Dagger,,,,,,,,,,,None,,,,,,,
,,,2,,Dagger,,,,,,,,,,,None,,,,,,,
Scallop Blade,,,2,,Dagger,,,,,,,,,,,None,,,,,,,
,,,2,,Dagger,,,,,,,,,,,None,,,,,,,
Pumpkin-a-Box,,,2,,Dagger,,,,,,,,,,,None,,,,,,,
,,,2,,Dagger,,,,,,,,,,,None,,,,,,,
Dragonslasher,,,2,,Dagger,,,,,,,,,,,None,,,,,,,
,,,2,,Dagger,,,,,,,,,,,None,,,,,,,
Hidden Thorns,,,2,,Dagger,,,,,,,,,,,None,,,,,,,
,,,2,,Dagger,,,,,,,,,,,None,,,,,,,
Caltrop Dagger,,,2,,Dagger,,,,,,,,,,,None,,,,,,,
,,,2,,Dagger,,,,,,,,,,,None,,,,,,,
Courtly Fan,,,2,,Dagger,,,,,,,,,,,None,,,,,,,
,,,2,,Dagger,,,,,,,,,,,None,,,,,,,
Deathly Dagger,,,2,,Dagger,,,,,,,,,,,None,,,,,,,
,,,2,,Dagger,,,,,,,,,,,None,,,,,,,
Bone Carver,,,2,,Dagger,,,,,,,,,,,None,,,,,,,
,,,2,,Dagger,,,,,,,,,,,None,,,,,,,
Peshkatz,,,2,,Dagger,,,,,,,,,,,Sothe,,,,,,,
Felicia's Plate,,,2,,Dagger,,,,,,,,,,,Felicia,,,,,,,
Lyfjaberg,,,2,,Dagger,,,,,,,,,,,Eir,,,,,,,
Saizo's Star,,,2,,Dagger,,,,,,,,,,,Saizo,,,,,,,
Kagero's Dart,,,2,,Dagger,,,,,,,,,,,Kagero,,,,,,,
Spy's Dagger,,,2,,Dagger,,,,,,,,,,,Matthew,,,,,,,
Athame,,,2,,Dagger,,,,,,,,,,,Kronya,,,,,,,
Jakob's Tray,,,2,,Dagger,,,,,,,,,,,Jakob,,,,,,,
Constant Dagger,,,2,,Dagger,,,,,,,,,,,Leila,,,,,,,
Candied Dagger,,,2,,Dagger,,,,,,,,,,,Gaius,,,,,,,
Levin Dagger,,,2,,Dagger,,,,,,,,,,,Gangrel,,,,,,,
Summer Strikers,,,2,,Dagger,,,,,,,,,,,SU!Mia,,,,,,,
Tailwind Shuriken,,,2,,Dagger,,,,,,,,,,,NI!Lyn,,,,,,,
Honorable Blade,,,2,,Dagger,,,,,,,,,,,Yuri,,,,,,,
Nabata Kunai,,,2,,Dagger,,,,,,,,,,,NI!Igrene,,,,,,,
Kaze's Needle,,,2,,Dagger,,,,,,,,,,,Kaze,,,,,,,
Hurricane Dagger,,,2,,Dagger,,,,,,,,,,,Legault,,,,,,,
Shadowy Quill,,,2,,Dagger,,,,,,,,,,,TH!Nina,,,,,,,
Blade of Jehanna,,,2,,Dagger,,,,,,,,,,,A!Joshua,,,,,,,
Fire,Fire,,2,,RTome,,,,,,,,,,,None,,,,,,,
Elfire,Elfire,,2,,RTome,,,,,,,,,,,None,,,,,,,
Bolganone,Bolganone,,2,,RTome,,,,,,,,,,,None,,,,,,,
Bolganone+,Bolganone+,,2,,RTome,,,,,,,,,,,None,,,,,,,
Flux,Flux,,2,,RTome,,,,,,,,,,,None,,,,,,,
Ruin,Ruin,,2,,RTome,,,,,,,,,,,None,,,,,,,
Fenrir,Fenrir,,2,,RTome,,,,,,,,,,,None,,,,,,,
Fenrir+,Fenrir+,,2,,RTome,,,,,,,,,,,None,,,,,,,
Rauðrblade,Rauðrblade,,2,,RTome,,,,,,,,,,,None,,,,,,,
Rauðrblade,Rauðrblade,,2,,RTome,,,,,,,,,,,None,,,,,,,
Rauðrraven,Rauðrraven,,2,,RTome,,,,,,,,,,,None,,,,,,,
Rauðrraven,Rauðrraven,,2,,RTome,,,,,,,,,,,None,,,,,,,
Rauðrwolf,Rauðrwolf,,2,,RTome,,,,,,,,,,,None,,,,,,,
Rauðrwolf,Rauðrwolf,,2,,RTome,,,,,,,,,,,None,,,,,,,
Keen Rauðrwolf,Keen Rauðrwolf,,2,,RTome,,,,,,,,,,,None,,,,,,,
Keen Rauðrwolf+,Keen Rauðrwolf+,,2,,RTome,,,,,,,,,,,None,,,,,,,
Rauðrowl,Rauðrowl,,2,,RTome,,,,,,,,,,,None,,,,,,,
Rauðrowl,Rauðrowl,,2,,RTome,,,,,,,,,,,None,,,,,,,
Tomato Tome,Tomato Tome,,2,,RTome,,,,,,,,,,,None,,,,,,,
Tomato Tome,Tomato Tome,,2,,RTome,,,,,,,,,,,None,,,,,,,
Candelabra,Candelabra,,2,,RTome,,,,,,,,,,,None,,,,,,,
Candelabra+,Candelabra+,,2,,RTome,,,,,,,,,,,None,,,,,,,
Loyal Wreath,Loyal Wreath,,2,,RTome,,,,,,,,,,,None,,,,,,,
Loyal Wreath,Loyal Wreath,,2,,RTome,,,,,,,,,,,None,,,,,,,
Rauðrfox,Rauðrfox,,2,,RTome,,,,,,,,,,,None,,,,,,,
Rauðrfox,Rauðrfox,,2,,RTome,,,,,,,,,,,None,,,,,,,
Rauðrserpent,Rauðrserpent,,2,,RTome,,,,,,,,,,,None,,,,,,,
Rauðrserpent,Rauðrserpent,,2,,RTome,,,,,,,,,,,None,,,,,,,
Conch Bouquet,Conch Bouquet,,2,,RTome,,,,,,,,,,,None,,,,,,,
Conch Bouquet,Conch Bouquet,,2,,RTome,,,,,,,,,,,None,,,,,,,
Unity Blooms,Unity Blooms,,2,,RTome,,,,,,,,,,,None,,,,,,,
Unity Blooms+,Unity Blooms+,,2,,RTome,,,,,,,,,,,None,,,,,,,
Rauðrrabbit+,Rauðrrabbit+,,2,,RTome,,,,,,,,,,,None,,,,,,,
Rauðrrabbit+,Rauðrrabbit+,,2,,RTome,,,,,,,,,,,None,,,,,,,
Rauðrlion,Rauðrlion,,2,,RTome,,,,,,,,,,,None,,,,,,,
Rauðrlion,Rauðrlion,,2,,RTome,,,,,,,,,,,None,,,,,,,
Luminous Grace,Luminous Grace,,2,,RTome,,,,,,,,,,,None,,,,,,,
Luminous Grace,Luminous Grace,,2,,RTome,,,,,,,,,,,None,,,,,,,
Rauðrvulture,Rauðrvulture,,2,,RTome,,,,,,,,,,,None,,,,,,,
Rauðrvulture,Rauðrvulture,,2,,RTome,,,,,,,,,,,None,,,,,,,
Bridal Orchid,Bridal Orchid,,2,,RTome,,,,,,,,,,,None,,,,,,,
Bridal Orchid,Bridal Orchid,,2,,RTome,,,,,,,,,,,None,,,,,,,
Ring of Affiance+,Ring of Affiance+,,2,,RTome,,,,,,,,,,,None,,,,,,,
Ring of Affiance+,Ring of Affiance+,,2,,RTome,,,,,,,,,,,None,,,,,,,
Peachy Parfait,Peachy Parfait,,2,,RTome,,,,,,,,,,,None,,,,,,,
Peachy Parfait+,Peachy Parfait+,,2,,RTome,,,,,,,,,,,None,,,,,,,
Cymbeline,Cymbeline,,2,,RTome,,,,,,,,,,,Sanaki,,,,,,,
Brynhildr,Brynhildr,,2,,RTome,,,,,,,,,,,Leo,,,,,,,
Ragnarok,Ragnarok,,2,,RTome,,,,,,,,,,,Celica,,,,,,,
Valflame,Valflame,,2,,RTome,,,,,,,,,,,Arvis,,,,,,,
Grimoire,Grimoire,,2,,RTome,,,,,,,,,,,H!Nowi,,,,,,,
Gleipnir,Gleipnir,,2,,RTome,,,,,,,,,,,P!Eirika,,,,,,,
Naglfar,Naglfar,,2,,RTome,,,,,,,,,,,Lyon,,,,,,,
Grima's Truth,Grima's Truth,,2,,RTome,,,,,,,,,,,M!Morgan,,,,,,,
Forblaze,Forblaze,,2,,RTome,,,,,,,,,,,Lilina,,,,,,,
Loptous,Loptous,,2,,RTome,,,,,,,,,,,Julius,,,,,,,
Múspell Fireposy,Múspell Fireposy,,2,,RTome,,,,,,,,,,,BR!Tharja,,,,,,,
Fruit of Iðunn,Fruit of Iðunn,,2,,RTome,,,,,,,,,,,SU!Tana,,,,,,,
Reese's Tome,Reese's Tome,,2,,RTome,,,,,,,,,,,Katarina,,,,,,,
Dawn Suzu,Dawn Suzu,,2,,RTome,,,,,,,,,,,DA!Micaiah,,,,,,,
Aversa's Night,Aversa's Night,,2,,RTome,,,,,,,,,,,Aversa,,,,,,,
Book of Dreams,Book of Dreams,,2,,RTome,,,,,,,,,,,P!Camilla,,,,,,,
Imhullu,Imhullu,,2,,RTome,,,,,,,,,,,Gharnef,,,,,,,
Tharja's Hex,Tharja's Hex,,2,,RTome,,,,,,,,,,,Tharja,,,,,,,
Eternal Tome,Eternal Tome,,2,,RTome,,,,,,,,,,,Sophia,,,,,,,
Hermit's Tome,Hermit's Tome,,2,,RTome,,,,,,,,,,,Raigh,,,,,,,
Mögþrasir,Mögþrasir,,2,,RTome,,,,,,,,,,,DA!Ishtar,,,,,,,
Corvus Tome,Corvus Tome,,2,,RTome,,,,,,,,,,,Henry,,,,,,,
Mirage Rod,Mirage Rod,,2,,RTome,,,,,,,,,,,Kiria,,,,,,,
Hades Ω,Hades Ω,,2,,RTome,,,,,,,,,,,Lysithea,,,,,,,
Iago's Tome,Iago's Tome,,2,,RTome,,,,,,,,,,,Iago,,,,,,,
Dark Scripture,Dark Scripture,,2,,RTome,,,,,,,,,,,FA!Julia,,,,,,,
Sun's Percussors,Sun's Percussors,,2,,RTome,,,,,,,,,,,SU!F!Byleth,,,,,,,
Dark Spikes T,Dark Spikes T,,2,,RTome,,,,,,,,,,,B!Lysithea,,,,,,,
Gilt Goblet,Gilt Goblet,,2,,RTome,,,,,,,,,,,DA!Sigurd,,,,,,,
Flower of Plenty,Flower of Plenty,,2,,RTome,,,,,,,,,,,Plumeria,,,,,,,
Studied Forblaze,Studied Forblaze,,2,,RTome,,,,,,,,,,,L!Lilina,,,,,,,
Petrify,Petrify,,2,,RTome,,,,,,,,,,,Veld,,,,,,,
Fell Candelabra,Fell Candelabra,,2,,RTome,,,,,,,,,,,DE!Dorothea,,,,,,,
Þjálfi,Þjálfi,,2,,RTome,,,,,,,,,,,V!Líf,,,,,,,
Sparking Tome,Sparking Tome,,2,,RTome,,,,,,,,,,,Azelle,,,,,,,
Banshee Θ,Banshee Θ,,2,,RTome,,,,,,,,,,,Solon,,,,,,,
Gullinkambi Egg,Gullinkambi Egg,,2,,RTome,,,,,,,,,,,SP!Severa,,,,,,,
Tome of Despair,Tome of Despair,,2,,RTome,,,,,,,,,,,FA!M!Morgan,,,,,,,
Ginnungagap,Ginnungagap,,2,,RTome,,,,,,,,,,,Nyx,,,,,,,
Agnea's Arrow,Agnea's Arrow,,2,,RTome,,,,,,,,,,,Constance,,,,,,,
Ancient Codex,Ancient Codex,,2,,RTome,,,,,,,,,,,Canas,,,,,,,
Sell-Spell Tome,Sell-Spell Tome,,2,,RTome,,,,,,,,,,,Hugh,,,,,,,
Fiery Bolganone,Fiery Bolganone,,2,,RTome,,,,,,,,,,,Hilda,,,,,,,
Soothing Scent,Soothing Scent,,2,,RTome,,,,,,,,,,,TH!Leila,,,,,,,
Dragon Bouquet,Dragon Bouquet,,2,,RTome,,,,,,,,,,,BR!Sophia,,,,,,,
Enclosing Dark,Enclosing Dark,,2,,RTome,,,,,,,,,,,L!Veronica,,,,,,,
Flowery Scroll,Flowery Scroll,,2,,RTome,,,,,,,,,,,NI!Camilla,,,,,,,
Arcane Eclipse,Arcane Eclipse,,2,,RTome,,,,,,,,,,,None,,,,,,,
Retainer's Report,Retainer's Report,,2,,RTome,,,,,,,,,,,Hubert,,,,,,,
Sevenfold Gifts,Sevenfold Gifts,,2,,RTome,,,,,,,,,,,WI!Dorothea,,,,,,,
Child's Compass,Child's Compass,,2,,RTome,,,,,,,,,,,DE!Nino,,,,,,,
Celestial Globe,Celestial Globe,,2,,RTome,,,,,,,,,,,DE!Linde,,,,,,,
Pupil's Tome,Pupil's Tome,,2,,RTome,,,,,,,,,,,Ewan,,,,,,,
Kvasir,Kvasir,,2,,RTome,,,,,,,,,,,Kvasir,,,,,,,
Packleader Tome,Packleader Tome,,2,,RTome,,,,,,,,,,,Zephia,,,,,,,
Thunder,,,2,,BTome,,,,,,,,,,,None,,,,,,,
Elthunder,,,2,,BTome,,,,,,,,,,,None,,,,,,,
Thoron,,,2,,BTome,,,,,,,,,,,None,,,,,,,
Thoron+,,,2,,BTome,,,,,,,,,,,None,,,,,,,
Light,,,2,,BTome,,,,,,,,,,,None,,,,,,,
Ellight,,,2,,BTome,,,,,,,,,,,None,,,,,,,
Shine,,,2,,BTome,,,,,,,,,,,None,,,,,,,
Shine+,,,2,,BTome,,,,,,,,,,,None,,,,,,,
Blárblade,,,2,,BTome,,,,,,,,,,,None,,,,,,,
,,,2,,BTome,,,,,,,,,,,None,,,,,,,
Blárraven,,,2,,BTome,,,,,,,,,,,None,,,,,,,
,,,2,,BTome,,,,,,,,,,,None,,,,,,,
Blárwolf,,,2,,BTome,,,,,,,,,,,None,,,,,,,
,,,2,,BTome,,,,,,,,,,,None,,,,,,,
Keen Blárwolf,,,2,,BTome,,,,,,,,,,,None,,,,,,,
,,,2,,BTome,,,,,,,,,,,None,,,,,,,
Blárowl,,,2,,BTome,,,,,,,,,,,None,,,,,,,
,,,2,,BTome,,,,,,,,,,,None,,,,,,,
Blárserpent,,,2,,BTome,,,,,,,,,,,None,,,,,,,
,,,2,,BTome,,,,,,,,,,,None,,,,,,,
Blárfox,,,2,,BTome,,,,,,,,,,,None,,,,,,,
,,,2,,BTome,,,,,,,,,,,None,,,,,,,
Blue Egg,,,2,,BTome,,,,,,,,,,,None,,,,,,,
,,,2,,BTome,,,,,,,,,,,None,,,,,,,
Blessed Bouquet,,,2,,BTome,,,,,,,,,,,None,,,,,,,
,,,2,,BTome,,,,,,,,,,,None,,,,,,,
Sealife Tome,,,2,,BTome,,,,,,,,,,,None,,,,,,,
,,,2,,BTome,,,,,,,,,,,None,,,,,,,
Dancer's Score,,,2,,BTome,,,,,,,,,,,None,,,,,,,
,,,2,,BTome,,,,,,,,,,,None,,,,,,,
Blue Gift,,,2,,BTome,,,,,,,,,,,None,,,,,,,
,,,2,,BTome,,,,,,,,,,,None,,,,,,,
Fresh Bouquet,,,2,,BTome,,,,,,,,,,,None,,,,,,,
,,,2,,BTome,,,,,,,,,,,None,,,,,,,
Juicy Wave,,,2,,BTome,,,,,,,,,,,None,,,,,,,
,,,2,,BTome,,,,,,,,,,,None,,,,,,,
Blárblooms,,,2,,BTome,,,,,,,,,,,None,,,,,,,
,,,2,,BTome,,,,,,,,,,,None,,,,,,,
Vessel of Cheer,,,2,,BTome,,,,,,,,,,,None,,,,,,,
,,,2,,BTome,,,,,,,,,,,None,,,,,,,
Silver Goblet,,,2,,BTome,,,,,,,,,,,None,,,,,,,
,,,2,,BTome,,,,,,,,,,,None,,,,,,,
Spooky Censer,,,2,,BTome,,,,,,,,,,,None,,,,,,,
,,,2,,BTome,,,,,,,,,,,None,,,,,,,
Tannenbit,,,2,,BTome,,,,,,,,,,,None,,,,,,,
,,,2,,BTome,,,,,,,,,,,None,,,,,,,
Flora Guide,,,2,,BTome,,,,,,,,,,,None,,,,,,,
,,,2,,BTome,,,,,,,,,,,None,,,,,,,
Pact Blooms,,,2,,BTome,,,,,,,,,,,None,,,,,,,
,,,2,,BTome,,,,,,,,,,,None,,,,,,,
Love Bouquet,,,2,,BTome,,,,,,,,,,,None,,,,,,,
,,,2,,BTome,,,,,,,,,,,None,,,,,,,
Blárrabbit,,,2,,BTome,,,,,,,,,,,None,,,,,,,
,,,2,,BTome,,,,,,,,,,,None,,,,,,,
Drifting Grace,,,2,,BTome,,,,,,,,,,,None,,,,,,,
,,,2,,BTome,,,,,,,,,,,None,,,,,,,
Spider Plush,,,2,,BTome,,,,,,,,,,,None,,,,,,,
,,,2,,BTome,,,,,,,,,,,None,,,,,,,
Blárlion,,,2,,BTome,,,,,,,,,,,None,,,,,,,
,,,2,,BTome,,,,,,,,,,,None,,,,,,,
Magical Lantern,,,2,,BTome,,,,,,,,,,,None,,,,,,,
,,,2,,BTome,,,,,,,,,,,None,,,,,,,
Seashell Bowl,,,2,,BTome,,,,,,,,,,,None,,,,,,,
,,,2,,BTome,,,,,,,,,,,None,,,,,,,
Demonic Tome,,,2,,BTome,,,,,,,,,,,Hapi,,,,,,,
Professorial Guide,,,2,,BTome,,,,,,,,,,,L!F!Byleth,,,,,,,
Niðavellir Lots,,,2,,BTome,,,,,,,,,,,NY!Reginn,,,,,,,
Argent Aura,,,2,,BTome,,,,,,,,,,,Riev,,,,,,,
Bright-Shell Egg,,,2,,BTome,,,,,,,,,,,SP!Delthea,,,,,,,
Thunder's Mjölnir,,,2,,BTome,,,,,,,,,,,A!Ishtar,,,,,,,
True-Love Roses,,,2,,BTome,,,,,,,,,,,BR!Lilina,,,,,,,
Divine Whimsy,,,2,,BTome,,,,,,,,,,,Thórr,,,,,,,
Lofty Leaflet,,,2,,BTome,,,,,,,,,,,TH!Cath,,,,,,,
Spirit Forest Writ,,,2,,BTome,,,,,,,,,,,L!Deirdre,,,,,,,
Wind Genesis,,,2,,BTome,,,,,,,,,,,Monica,,,,,,,
Guide's Hourglass,,,2,,BTome,,,,,,,,,,,DE!M!Byleth,,,,,,,
Dawnsweet Box,,,2,,BTome,,,,,,,,,,,V!Takumi,,,,,,,
Total War Tome,,,2,,BTome,,,,,,,,,,,CH!Mark,,,,,,,
Knightly Manner,,,2,,BTome,,,,,,,,,,,T!Sigurd,,,,,,,
Aura,,,2,,BTome,,,,,,,,,,,Linde,,,,,,,
Dire Thunder,,,2,,BTome,,,,,,,,,,,Reinhardt,Olwen,,,,,,
Dark Aura,,,2,,BTome,,,,,,,,,,,Delthea,Linde,,,,,,
Weirding Tome,,,2,,BTome,,,,,,,,,,,Lute,,,,,,,
Thani,,,2,,BTome,,,,,,,,,,,Micaiah,,,,,,,
Ivaldi,,,2,,BTome,,,,,,,,,,,L'Arachel,,,,,,,
Huginn's Egg,,,2,,BTome,,,,,,,,,,,SP!Catria,,,,,,,
Wargod's Tome,,,2,,BTome,,,,,,,,,,,Saias,,,,,,,
Mjölnir,,,2,,BTome,,,,,,,,,,,Ishtar,,,,,,,
Odin's Grimoire,,,2,,BTome,,,,,,,,,,,Odin,,,,,,,
BT!Missiletainn ,,,2,,BTome,,,,,,,,,,,Ophelia,,,,,,,
Sagittae,,,2,,BTome,,,,,,,,,,,Kliff,,,,,,,
Tactical Bolt,,,2,,BTome,,,,,,,,,,,M!Robin,,,,,,,
Prayer Wheel,,,2,,BTome,,,,,,,,,,,L!Azura,,,,,,,
Tome of Thoron,,,2,,BTome,,,,,,,,,,,Tailtiu,,,,,,,
Death,,,2,,BTome,,,,,,,,,,,FA!Delthea,,,,,,,
Woldsea Wave,,,2,,BTome,,,,,,,,,,,Laegjarn,,,,,,,
Book of Orchids,,,2,,BTome,,,,,,,,,,,Mae,,,,,,,
Virtuous Naga,,,2,,BTome,,,,,,,,,,,L!Julia,,,,,,,
Fimbulvetr,,,2,,BTome,,,,,,,,,,,Brunnya,,,,,,,
Flower of Joy,,,2,,BTome,,,,,,,,,,,Peony,,,,,,,
Imbued Koma,,,2,,BTome,,,,,,,,,,,NY!Alfonse,,,,,,,
Father's Tactics,,,2,,BTome,,,,,,,,,,,F!Morgan,,,,,,,
Eagle's Egg,,,2,,BTome,,,,,,,,,,,SP!Est,,,,,,,
Blue-Crow Tome,,,2,,BTome,,,,,,,,,,,Ursula,,,,,,,
Aureola,,,2,,BTome,,,,,,,,,,,Guinivere,,,,,,,
Tome of Favors,,,2,,BTome,,,,,,,,,,,Oliver,,,,,,,
Tome of Storms,,,2,,BTome,,,,,,,,,,,SS!Selena,,,,,,,
Fell Flambeau,,,2,,BTome,,,,,,,,,,,DE!Katarina,,,,,,,
Icy Fimbulvetr,,,2,,BTome,,,,,,,,,,,Marianne,,,,,,,
Tome of Grado,,,2,"Grants Atk+3. If foe initiates combat or if foe's HP = 100% at start of combat, inflicts Atk/Res-6 on foe and neutralizes unit's penalties to Atk/Res during combat, and also, if foe is colorless and uses bow, dagger, magic, or staff, grants weapon-triangle advantage to unit and inflicts weapon-triangle disadvantage on foe during combat.",BTome,,,,,,,,,,,CH!Lyon,,,,,,,
The Cycle's Turn,,,2,,BTome,,,,,,,,,,,B!Gullveig,,,,,,,
Wind,,,2,,GTome,,,,,,,,,,,None,,,,,,,
Elwind,,,2,,GTome,,,,,,,,,,,None,,,,,,,
Rexcalibur,,,2,,GTome,,,,,,,,,,,None,,,,,,,
,,,2,,GTome,,,,,,,,,,,None,,,,,,,
Gronnblade,,,2,,GTome,,,,,,,,,,,None,,,,,,,
,,,2,,GTome,,,,,,,,,,,None,,,,,,,
Gronnraven,,,2,,GTome,,,,,,,,,,,None,,,,,,,
,,,2,,GTome,,,,,,,,,,,None,,,,,,,
Gronnwolf,,,2,,GTome,,,,,,,,,,,None,,,,,,,
,,,2,,GTome,,,,,,,,,,,None,,,,,,,
Keen Gronnwolf,,,2,,GTome,,,,,,,,,,,None,,,,,,,
,,,2,,GTome,,,,,,,,,,,None,,,,,,,
Gronnowl,,,2,,GTome,,,,,,,,,,,None,,,,,,,
,,,2,,GTome,,,,,,,,,,,None,,,,,,,
Green Egg,,,2,,GTome,,,,,,,,,,,None,,,,,,,
,,,2,,GTome,,,,,,,,,,,None,,,,,,,
Hibiscus Tome,,,2,,GTome,,,,,,,,,,,None,,,,,,,
,,,2,,GTome,,,,,,,,,,,None,,,,,,,
Dancer's Ring,,,2,,GTome,,,,,,,,,,,None,,,,,,,
,,,2,,GTome,,,,,,,,,,,None,,,,,,,
Spectral Tome,,,2,,GTome,,,,,,,,,,,None,,,,,,,
,,,2,,GTome,,,,,,,,,,,None,,,,,,,
Green Gift,,,2,,GTome,,,,,,,,,,,None,,,,,,,
,,,2,,GTome,,,,,,,,,,,None,,,,,,,
Gronnblooms,,,2,,GTome,,,,,,,,,,,None,,,,,,,
,,,2,,GTome,,,,,,,,,,,None,,,,,,,
Gronnserpent,,,2,,GTome,,,,,,,,,,,None,,,,,,,
,,,2,,GTome,,,,,,,,,,,None,,,,,,,
Sandwiches!,,,2,,GTome,,,,,,,,,,,None,,,,,,,
,,,2,,GTome,,,,,,,,,,,None,,,,,,,
Buoyboard,,,2,,GTome,,,,,,,,,,,None,,,,,,,
,,,2,,GTome,,,,,,,,,,,None,,,,,,,
Madness Flash,,,2,,GTome,,,,,,,,,,,None,,,,,,,
,,,2,,GTome,,,,,,,,,,,None,,,,,,,
Melon Float,,,2,,GTome,,,,,,,,,,,None,,,,,,,
,,,2,,GTome,,,,,,,,,,,None,,,,,,,
Plegian Torch,,,2,,GTome,,,,,,,,,,,None,,,,,,,
,,,2,,GTome,,,,,,,,,,,None,,,,,,,
Amity Blooms,,,2,,GTome,,,,,,,,,,,None,,,,,,,
,,,2,,GTome,,,,,,,,,,,None,,,,,,,
Gronnfox,,,2,,GTome,,,,,,,,,,,None,,,,,,,
,,,2,,GTome,,,,,,,,,,,None,,,,,,,
Snow Globe,,,2,,GTome,,,,,,,,,,,None,,,,,,,
,,,2,,GTome,,,,,,,,,,,None,,,,,,,
Gronnvulture,,,2,,GTome,,,,,,,,,,,None,,,,,,,
,,,2,,GTome,,,,,,,,,,,None,,,,,,,
Gronnrabbit,,,2,,GTome,,,,,,,,,,,None,,,,,,,
,,,2,,GTome,,,,,,,,,,,None,,,,,,,
Peppy Cane,,,2,,GTome,,,,,,,,,,,None,,,,,,,
,,,2,,GTome,,,,,,,,,,,None,,,,,,,
Gronndeer,,,2,,GTome,,,,,,,,,,,None,,,,,,,
,,,2,,GTome,,,,,,,,,,,None,,,,,,,
Teatime Set,,,2,,GTome,,,,,,,,,,,None,,,,,,,
,,,2,,GTome,,,,,,,,,,,None,,,,,,,
Teacake Tower,,,2,,GTome,,,,,,,,,,,None,,,,,,,
,,,2,,GTome,,,,,,,,,,,None,,,,,,,
Excalibur,,,2,,GTome,,,,,,,,,,,Merric,,,,,,,
Naga,,,2,,GTome,,,,,,,,,,,Julia,,,,,,,
Dark Excalibur,,,2,,GTome,,,,,,,,,,,Merric,Sonya,,,,,,
Divine Naga,,,2,,GTome,,,,,,,,,,,Julia,Deirdre,,,,,,
Blizzard,,,2,,GTome,,,,,,,,,,,Gunnthrá,,,,,,,
Wind's Brand,,,2,,GTome,,,,,,,,,,,Soren,,,,,,,
Muninn's Egg,,,2,,GTome,,,,,,,,,,,SP!Sharena,,,,,,,
Thunderhead,,,2,,GTome,,,,,,,,,,,P!Olwen,,,,,,,
Nifl Frostflowers,,,2,,GTome,,,,,,,,,,,BR!Sanaki,,,,,,,
Giga Excalibur,,,2,,GTome,,,,,,,,,,,P!Nino,,,,,,,
Forseti,,,2,,GTome,,,,,,,,,,,Lewyn,,,,,,,
Book of Shadows,,,2,,GTome,,,,,,,,,,,P!Azura,,,,,,,
Tactical Gale,,,2,,GTome,,,,,,,,,,,F!Robin,,,,,,,
Iris's Tome,,,2,,GTome,,,,,,,,,,,Nino,,,,,,,
Veðrfölnir's Egg,,,2,,GTome,,,,,,,,,,,SP!Veronica,,,,,,,
Chaos Manifest,,,2,,GTome,,,,,,,,,,,Yune,,,,,,,
Inscribed Tome,,,2,,GTome,,,,,,,,,,,Boey,,,,,,,
Light of Dawn,,,2,,GTome,,,,,,,,,,,B!Micaiah,,,,,,,
Vafþrúðnir,,,2,,GTome,,,,,,,,,,,DA!Reinhardt,,,,,,,
Ífingr,,,2,,GTome,,,,,,,,,,,Thrasir,,,,,,,
Saintly Seraphim,,,2,,GTome,,,,,,,,,,,L!Celica,,,,,,,
Winds of Silesse,,,2,,GTome,,,,,,,,,,,Ced,,,,,,,
Winds of Change,,,2,,GTome,,,,,,,,,,,CH!Merric,,,,,,,
Blood Tome,,,2,,GTome,,,,,,,,,,,FA!Lyon,,,,,,,
Exotic Fruit Juice,,,2,,GTome,,,,,,,,,,,SU!SS!Selena,,,,,,,
Tome of Order,,,2,,GTome,,,,,,,,,,,Cecilia,,,,,,,
Obessive Curse,,,2,,GTome,,,,,,,,,,,Rhajat,,,,,,,
Flower of Sorrow,,,2,,GTome,,,,,,,,,,,Triandra,,,,,,,
Hrist,,,2,,GTome,,,,,,,,,,,WI!Bernadetta,,,,,,,
Bond of the Álfar,,,2,,GTome,,,,,,,,,,,NY!Peony,,,,,,,
Grafcalibur,,,2,,GTome,,,,,,,,,,,Asbel,,,,,,,
Professorial Text,,,2,,GTome,,,,,,,,,,,L!M!Byleth,,,,,,,
Tome of Reglay,,,2,,GTome,,,,,,,,,,,Pent,,,,,,,
Tiger Spirit,,,2,,GTome,,,,,,,,,,,Orochi,,,,,,,
Charging Horn,,,2,,GTome,,,,,,,,,,,Gatekeeper,,,,,,,
Ninjutsu Scrolls,,,2,,GTome,,,,,,,,,,,NI!F!Corrin,,,,,,,
Grim Brokkr,,,2,,GTome,,,,,,,,,,,Eitri,,,,,,,
Dancing Flames,,,2,,GTome,,,,,,,,,,,DE!Azura,,,,,,,
Tome of Reason,,,2,,GTome,,,,,,,,,,,Lugh,,,,,,,
Magic Rabbits,,,2,,GTome,,,,,,,,,,,SP!Sonya,,,,,,,
Windy War Tome,,,2,,GTome,,,,,,,,,,,CH!Ilyana,,,,,,,
Körmt,,,2,,GTome,,,,,,,,,,,Letizia,,,,,,,
Morph Fimbulvetr,,,2,,GTome,,,,,,,,,,,Limstella,,,,,,,
Caring Conch,,,2,,GTome,,,,,,,,,,,SU!Eirika,,,,,,,
Seiðr,,,2,,GTome,,,,,,,,,,,Seiðr,,,,,,,
Crow's Crystal,,,2,,GTome,,,,,,,,,,,DE!Ursula,,,,,,,
Joyous Tome,,,2,,GTome,,,,,,,,,,,Céline,,,,,,,
Master's Tactics,,,2,,GTome,,,,,,,,,,,L!M!Robin,,,,,,,
Heiðr,,,2,,GTome,,,,,,,,,,,Heiðr,,,,,,,
Divine Draught,,,2,,GTome,,,,,,,,,,,SU!Ivy,,,,,,,
Tome of Luxuries,,,2,,GTome,,,,,,,,,,,Citrinne,,,,,,,
Arch-Sage Tome,,,2,,GTome,,,,,,,,,,,B!Soren,,,,,,,
Joyful Vows,,,2,"Effective against armored and cavalry foes. Grants Atk +3. If【Bonus】is active on unit, grants Atk/Res +6 during combat, and if unit imitates combat, foe cannot make a follow-up attack.【Bonus】All effects that last ""for 1 turn"" or ""that turn only"". Includes bonuses granted by a skill like Rally or Hone and positive status efects (extra movement or effects like Dominance)",CTome,,,,,,,,,,,BR!Micaiah,,,,,,,
Stone,,,2,,CTome,,,,,,,,,,,None,,,,,,,
Elstone,,,2,,CTome,,,,,,,,,,,None,,,,,,,
Atlas,,,2,,CTome,,,,,,,,,,,None,,,,,,,
Atlas+,,,2,,CTome,,,,,,,,,,,None,,,,,,,
Hvítrvulture,,,2,,CTome,,,,,,,,,,,None,,,,,,,
Hvítrvulture+,,,2,,CTome,,,,,,,,,,,None,,,,,,,
Void Tome,,,2,,CTome,,,,,,,,,,,Bramimond,,,,,,,
Jokers Wild,,,2,,CTome,,,,,,,,,,,H!Xane,,,,,,,
Order's Sentence,,,2,,CTome,,,,,,,,,,,Ashera,,,,,,,
Phantasm Tome,,,2,,CTome,,,,,,,,,,,B!Marianne,,,,,,,
New Dawn,,,2,,CTome,,,,,,,,,,,L!Michaiah,,,,,,,
Sweet Yule Log,,,2,,CTome,,,,,,,,,,,WI!Lysithea,,,,,,,
Achimenes Furl,,,2,,CTome,,,,,,,,,,,V!F!Robin,,,,,,,
Adroit War Tome,,,2,,CTome,,,,,,,,,,,CH!Soren,,,,,,,
Thunderer Tome,,,2,,CTome,,,,,,,,,,,Tine,,,,,,,
Moonlight Drop,,,2,,CTome,,,,,,,,,,,SU!Micaiah,,,,,,,
Mila's Testament,,,2,,CTome,,,,,,,,,,,A!Celica,,,,,,,
Inner Wellspring,,,2,,CTome,,,,,,,,,,,B!F!Byleth,,,,,,,
Rite of Souls,,,2,,CTome,,,,,,,,,,,Arval,,,,,,,
Duality Vessel,,,2,,CTome,,,,,,,,,,,NY!Askr,,,,,,,
Brilliant Starlight,,,2,,CTome,,,,,,,,,,,Gotoh,,,,,,,
Nightmare's Egg,,,2,,CTome,,,,,,,,,,,SP!Triandra,,,,,,,
Radiant Aureola,,,2,,CTome,,,,,,,,,,,L!Guinevere,,,,,,,
Sparkling Sun,,,2,,CTome,,,,,,,,,,,SU!Ymir,,,,,,,
Baked Treats,,,2,,CTome,,,,,,,,,,,T!Lysithea,,,,,,,
Assault,,,2,,Staff,,,,,,,,,,,None,,,,,,,
Absorb,,,2,,Staff,,,,,,,,,,,None,,,,,,,
,,,2,,Staff,,,,,,,,,,,None,,,,,,,
Fear,,,2,,Staff,,,,,,,,,,,None,,,,,,,
,,,2,,Staff,,,,,,,,,,,None,,,,,,,
Slow,,,2,,Staff,,,,,,,,,,,None,,,,,,,
,,,2,,Staff,,,,,,,,,,,None,,,,,,,
Gravity,,,2,,Staff,,,,,,,,,,,None,,,,,,,
,,,2,,Staff,,,,,,,,,,,None,,,,,,,
Panic,,,2,,Staff,,,,,,,,,,,None,,,,,,,
,,,2,,Staff,,,,,,,,,,,None,,,,,,,
Pain,,,2,,Staff,,,,,,,,,,,None,,,,,,,
,,,2,,Staff,,,,,,,,,,,None,,,,,,,
Candlelight,,,2,,Staff,,,,,,,,,,,None,,,,,,,
,,,2,,Staff,,,,,,,,,,,None,,,,,,,
Trilemma,,,2,,Staff,,,,,,,,,,,None,,,,,,,
,,,2,,Staff,,,,,,,,,,,None,,,,,,,
Witchy Wand,,,2,,Staff,,,,,,,,,,,None,,,,,,,
,,,2,,Staff,,,,,,,,,,,None,,,,,,,
Flash,,,2,,Staff,,,,,,,,,,,None,,,,,,,
,,,2,,Staff,,,,,,,,,,,None,,,,,,,
Joyous Lantern,,,2,,Staff,,,,,,,,,,,None,,,,,,,
,,,2,,Staff,,,,,,,,,,,None,,,,,,,
Kumade,,,2,,Staff,,,,,,,,,,,None,,,,,,,
,,,2,,Staff,,,,,,,,,,,None,,,,,,,
Grandscratcher,,,2,,Staff,,,,,,,,,,,None,,,,,,,
,,,2,,Staff,,,,,,,,,,,None,,,,,,,
Ovoid Staff,,,2,,Staff,,,,,,,,,,,None,,,,,,,
,,,2,,Staff,,,,,,,,,,,None,,,,,,,
Toasty Skewer,,,2,,Staff,,,,,,,,,,,None,,,,,,,
,,,2,,Staff,,,,,,,,,,,None,,,,,,,
Melancholy,,,2,,Staff,,,,,,,,,,,None,,,,,,,
,,,2,,Staff,,,,,,,,,,,None,,,,,,,
Rapport Wand,,,2,,Staff,,,,,,,,,,,None,,,,,,,
,,,2,,Staff,,,,,,,,,,,None,,,,,,,
Palm Staff,,,2,,Staff,,,,,,,,,,,None,,,,,,,
,,,2,,Staff,,,,,,,,,,,None,,,,,,,
Tannenbaton,,,2,,Staff,,,,,,,,,,,None,,,,,,,
,,,2,,Staff,,,,,,,,,,,None,,,,,,,
Observant Staff,,,2,,Staff,,,,,,,,,,,None,,,,,,,
,,,2,,Staff,,,,,,,,,,,None,,,,,,,
Staff of Twelve,,,2,,Staff,,,,,,,,,,,None,,,,,,,
,,,2,,Staff,,,,,,,,,,,None,,,,,,,
Serpentine Staff,,,2,,Staff,,,,,,,,,,,None,,,,,,,
,,,2,,Staff,,,,,,,,,,,None,,,,,,,
Staff of Tribute,,,2,,Staff,,,,,,,,,,,None,,,,,,,
,,,2,,Staff,,,,,,,,,,,None,,,,,,,
Respite,,,2,,Staff,,,,,,,,,,,None,,,,,,,
,,,2,,Staff,,,,,,,,,,,None,,,,,,,
Aid,,,2,,Staff,,,,,,,,,,,None,,,,,,,
,,,2,,Staff,,,,,,,,,,,None,,,,,,,
Incurable,,,2,,Staff,,,,,,,,,,,None,,,,,,,
,,,2,,Staff,,,,,,,,,,,None,,,,,,,
Seaside Parasol,,,2,,Staff,,,,,,,,,,,None,,,,,,,
,,,2,,Staff,,,,,,,,,,,None,,,,,,,
Sunshade Staff,,,2,,Staff,,,,,,,,,,,SU!TH!Hilda,,,,,,,
Punishment Staff,,,2,,Staff,,,,,,,,,,,Maribelle,,,,,,,
Staff of the Saint,,,2,,Staff,,,,,,,,,,,Elimine,,,,,,,
Doting Staff,,,2,,Staff,,,,,,,,,,,Mikoto,,,,,,,
Diplomacy Staff,,,2,,Staff,,,,,,,,,,,August,,,,,,,
Dusk-Dawn Staff,,,2,,Staff,,,,,,,,,,,V!Elise,,,,,,,
Crimean Scepter,,,2,,Staff,,,,,,,,,,,A!Elincia,,,,,,,
Mystic War Staff,,,2,,Staff,,,,,,,,,,,CH!Lucius,,,,,,,
Staff of Lilies,,,2,,Staff,,,,,,,,,,,Silque,,,,,,,
Asclepius,,,2,,Staff,,,,,,,,,,,Cornelia,,,,,,,
Sacrifice Staff,,,2,,Staff,,,,,,,,,,,FA!Maria,,,,,,,
Hliðskjálf,,,2,,Staff,,,,,,,,,,,B!Veronica,,,,,,,
Thökk,,,2,,Staff,,,,,,,,,,,Loki,,,,,,,
Gjallarbrú,,,2,,Staff,,,,,,,,,,,BR!Fjorm,,,,,,,
Sanngriðr,,,2,,Staff,,,,,,,,,,,B!Camilla,,,,,,,
Caduceus Staff,,,2,,Staff,,,,,,,,,,,Flayn,,,,,,,
Elise's Staff,,,2,,Staff,,,,,,,,,,,Elise,,,,,,,
Elena's Staff,,,2,,Staff,,,,,,,,,,,Mist,,,,,,,
Kia Staff,,,2,,Staff,,,,,,,,,,,Sara,,,,,,,
Springtime Staff,,,2,,Staff,,,,,,,,,,,Genny,,,,,,,
Staff of Rausten,,,2,,Staff,,,,,,,,,,,CH!L'Arachel,,,,,,,
Fire Breath,,,1,,Dragon,,,,,,,,,,,None,,,,,,,
Fire Breath+,,,1,,Dragon,,,,,,,,,,,None,,,,,,,
Flametongue,,,1,,Dragon,,,,,,,,,,,None,,,,,,,
Flametongue+,,,1,,Dragon,,,,,,,,,,,None,,,,,,,
Blackfire Breath,,,1,,Dragon,,,,,,,,,,,None,,,,,,,
Blackfire Breath+,,,1,,Dragon,,,,,,,,,,,None,,,,,,,
Pale Breath,,,1,,Dragon,,,,,,,,,,,None,,,,,,,
Pale Breath+,,,1,,Dragon,,,,,,,,,,,None,,,,,,,
Lantern Breath,,,1,,Dragon,,,,,,,,,,,None,,,,,,,
Lantern Breath+,,,1,,Dragon,,,,,,,,,,,None,,,,,,,
Flamelick Breath,,,1,,Dragon,,,,,,,,,,,Múspell,,,,,,,
Silent Power,,,1,,Dragon,,,,,,,,,,,FA!Lilith,,,,,,,
Ghostly Lanterns,,,1,,Dragon,,,,,,,,,,,H!Duma,,,,,,,
Awoken Breath,,,1,,Dragon,,,,,,,,,,,A!Y!Tiki,,,,,,,
Wizened Breath,,,1,,Dragon,,,,,,,,,,,Bantu,,,,,,,
Breath of Fog,,,1,,Dragon,,,,,,,,,,,Y!Tiki,A!Tiki,,,,,,
Summer's Breath,,,1,,Dragon,,,,,,,,,,,SU!Y!Tiki,,,,,,,
Breath of Blight,,,1,,Dragon,,,,,,,,,,,Garon,,,,,,,
Spirit Breath,,,1,,Dragon,,,,,,,,,,,H!Myrrh,,,,,,,
Demonic Breath,,,1,,Dragon,,,,,,,,,,,Idunn,,,,,,,
Oracle's Breath,,,1,,Dragon,,,,,,,,,,,Nah,,,,,,,
Sublime Surge,,,1,,Dragon,,,,,,,,,,,Sothis,,,,,,,
Zephyr Breath,,,1,,Dragon,,,,,,,,,,,SP!Idunn,,,,,,,
Dark Breath,,,1,,Dragon,,,,,,,,,,,None,,,,,,,
Dark Breath+,,,1,,Dragon,,,,,,,,,,,None,,,,,,,
Lightning Breath,,,1,,Dragon,,,,,,,,,,,None,,,,,,,
Lightning Breath+,,,1,,Dragon,,,,,,,,,,,None,,,,,,,
Divine Mist,,,1,,Dragon,,,,,,,,,,,L!Y!Tiki,,,,,,,
Divine Breath,,,1,,Dragon,,,,,,,,,,,Naga,,,,,,,
Frost Breath,,,1,,Dragon,,,,,,,,,,,Nils,,,,,,,
Astral Breath,,,1,,Dragon,,,,,,,,,,,Lilith,,,,,,,
Brutal Breath,,,1,,Dragon,,,,,,,,,,,FA!M!Corrin,,,,,,,
Gloom Breath,,,1,,Dragon,,,,,,,,,,,F!Corrin,,,,,,,
Frostfire Breath,,,1,,Dragon,,,,,,,,,,,H!Y!Tiki,,,,,,,
Purifying Breath,,,1,,Dragon,,,,,,,,,,,Nowi,,,,,,,
Aurora Breath,,,1,,Dragon,,,,,,,,,,,Seiros,,,,,,,
Frostbite Breath,,,1,,Dragon,,,,,,,,,,,Nifl,,,,,,,
Dusk Dragonstone,,,1,,Dragon,,,,,,,,,,,M!Kana,,,,,,,
Eerie Scripture,,,1,,Dragon,,,,,,,,,,,H!Sothis,,,,,,,
Dazzling Breath,,,1,,Dragon,,,,,,,,,,,L!Fae,,,,,,,
Dew Dragonstone,,,1,,Dragon,,,,,,,,,,,A!Idunn,,,,,,,
Enveloping Breath,,,1,,Dragon,,,,,,,,,,,FA!Ninian,,,,,,,
Godly Breath,,,1,,Dragon,,,,,,,,,,,L!Myrrh,,,,,,,
Moonlight Stone,,,1,,Dragon,,,,,,,,,,,H!F!Corrin,,,,,,,
Silent Breath,,,1,,Dragon,,,,,,,,,,,FA!Anankos,,,,,,,
Light Breath,,,1,,Dragon,,,,,,,,,,,None,,,,,,,
Light Breath+,,,1,,Dragon,,,,,,,,,,,None,,,,,,,
Water Breath,,,1,,Dragon,,,,,,,,,,,None,,,,,,,
Water Breath+,,,1,,Dragon,,,,,,,,,,,None,,,,,,,
Glittering Breath,,,1,,Dragon,,,,,,,,,,,None,,,,,,,
Glittering Breath+,,,1,,Dragon,,,,,,,,,,,None,,,,,,,
Surprise Breath,,,1,,Dragon,,,,,,,,,,,None,,,,,,,
Surprise Breath+,,,1,,Dragon,,,,,,,,,,,None,,,,,,,
Great Flame,,,1,,Dragon,,,,,,,,,,,Myrrh,,,,,,,
Expiration,,,1,,Dragon,,,,,,,,,,,M!Grima,,,,,,,
Draconic Rage,,,1,,Dragon,,,,,,,,,,,P!M!Corrin,P!F!Corrin,,,,,,
Ethereal Breath,,,1,,Dragon,,,,,,,,,,,Nagi,,,,,,,
Sun Dragonstone,,,1,,Dragon,,,,,,,,,,,F!Kana,,,,,,,
Snow's Grace,,,1,,Dragon,,,,,,,,,,,WI!Sothis,,,,,,,
Moonless Breath,,,1,,Dragon,,,,,,,,,,,H!F!Grima,,,,,,,
Eternal Breath,,,1,,Dragon,,,,,,,,,,,Fae,,,,,,,
Witch Breath,,,1,,Dragon,,,,,,,,,,,H!Rhea,,,,,,,
Everliving Breath,,,1,,Dragon,,,,,,,,,,,Ymir,,,,,,,
Remote Breath,,,1,,Dragon,,,,,,,,,,,B!A!Tiki,,,,,,,
Faithful Breath,,,1,,Dragon,,,,,,,,,,,L!Ninian,,,,,,,
Starlight Stone,,,1,,Dragon,,,,,,,,,,,H!M!Corrin,,,,,,,
Serenity Breath,,,1,,Dragon,,,,,,,,,,,None,,,,,,,
Serenity Breath+,,,1,,Dragon,,,,,,,,,,,None,,,,,,,
Fell Breath,,,1,,Dragon,,,,,,,,,,,F!Grima,,,,,,,
Savage Breath,,,1,,Dragon,,,,,,,,,,,FA!F!Corrin,,,,,,,
Razing Breath,,,1,,Dragon,,,,,,,,,,,FA!Y!Tiki,,,,,,,
Nurturing Breath,,,1,,Dragon,,,,,,,,,,,Mila,,,,,,,
Primordial Breath,,,1,,Dragon,,,,,,,,,,,L!FCorrin,,,,,,,
Lilac-Jade Breath,,,1,,Dragon,,,,,,,,,,,SP!Myrrh,,,,,,,
Moonstrike Breath,,,1,,Dragon,,,,,,,,,,,H!M!Grima,,,,,,,
Shadow Breath,,,1,,Dragon,,,,,,,,,,,Medeus,,,,,,,
Ruinous Frost,,,1,,Dragon,,,,,,,,,,,FA!Rhea,,,,,,,
Chilled Breath,,,1,,Dragon,,,,,,,,,,,SU!Nifl,,,,,,,
Breath of Flame,,,1,,Dragon,,,,,,,,,,,FF!Múspell,,,,,,,
Arcane Grima,,,1,,Dragon,,,,,,,,,,,None,,,,,,,
Revealing Breath,,,1,,Dragon,,,,,,,,,,,Rhea,,,,,,,
Twin Divinestone,,,1,,Dragon,,,,,,,,,,,BR!A!Tiki,,,,,,,
Vallastone,,,1,,Dragon,slaying,1,divineVeinStone,2,NOT THE DYNAMIC TILES,0,,,,,B!F!Corrin,,,,,,,
Hatchling (Flier),,,1,,Beast,,,,,,,,,,,None,,,,,,,
Fledgling (Flier),,,1,,Beast,,,,,,,,,,,None,,,,,,,
Adult (Flier),,,1,,Beast,,,,,,,,,,,None,,,,,,,
Hawk King Claw,,,1,,Beast,,,,,,,,,,,Tibarn,,,,,,,
Wolfskin Fang,,,1,,Beast,,,,,,,,,,,Keaton,,,,,,,
Brazen Cat Fang,,,1,,Beast,,,,,,,,,,,Lethe,,,,,,,
Refreshed Fang,,,1,,Beast,,,,,,,,,,,NY!Kaden,,,,,,,
Raydream Horn,,,1,,Beast,,,,,,,,,,,SU!Freyr,,,,,,,
Crossbones Claw,,,1,,Beast,,,,,,,,,,,PI!Naesala,,,,,,,
Polished Fang,,,1,,Beast,,,,,,,,,,,NY!Kyza,,,,,,,
Royal Hatari Fang,,,1,,Beast,,,,,,,,,,,DE!Nailah,,,,,,,
Enclosing Claw,,,1,,Beast,,,,,,,,,,,Embla,,,,,,,
Keen Rabbit Fang,,,1,,Beast,,,,,,,,,,,NY!Panne,,,,,,,
Whelp (Cavalry),,,1,,Beast,,,,,,,,,,,None,,,,,,,
Whelp (Infantry),,,1,,Beast,,,,,,,,,,,None,,,,,,,
Yearling (Cavalry),,,1,,Beast,,,,,,,,,,,None,,,,,,,
Yearling (Infantry),,,1,,Beast,,,,,,,,,,,None,,,,,,,
Adult (Cavalry),,,1,,Beast,,,,,,,,,,,None,,,,,,,
Adult (Infantry),,,1,,Beast,,,,,,,,,,,None,,,,,,,
Wolf Queen Fang,,,1,,Beast,,,,,,,,,,,Nailah,,,,,,,
Raven King Beak,,,1,,Beast,,,,,,,,,,,Naesala,,,,,,,
Foxkit Fang,,,1,,Beast,,,,,,,,,,,Selkie,,,,,,,
Taguel Fang,,,1,,Beast,,,,,,,,,,,Panne,,,,,,,
Sabertooth Fang,,,1,,Beast,,,,,,,,,,,Mordecai,,,,,,,
Bride's Fang,,,1,,Beast,,,,,,,,,,,BR!Nailah,,,,,,,
Renewed Fang,,,1,,Beast,,,,,,,,,,,NY!Velouria,,,,,,,
Wild Tiger Fang,,,1,,Beast,,,,,,,,,,,FA!Muarim,,,,,,,
Heralding Horn,,,1,,Beast,,,,,,,,,,,NY!Ash,,,,,,,
Wary Rabbit Fang,,,1,,Beast,,,,,,,,,,,NY!Yarne,,,,,,,
Horn of the Land,,,1,,Beast,,,,,,,,,,,Nerþuz,,,,,,,
Arcane Nihility,,,1,,Beast,,,,,,,,,,,None,,,,,,,
Dream Horn,,,1,,Beast,,,,,,,,,,,Freyr,,,,,,,
Groom's Wing,,,1,,Beast,,,,,,,,,,,BR!Rafiel,,,,,,,
Heron Wing,,,1,,Beast,,,,,,,,,,,Reyson,Leanne,,,,,,
Kitsune Fang,,,1,,Beast,,,,,,,,,,,Kaden,,,,,,,
Covert Cat Fang,,,1,,Beast,,,,,,,,,,,Ranulf,,,,,,,
Bunny Fang,,,1,,Beast,,,,,,,,,,,Yarne,,,,,,,
Guardian Fang,,,1,,Beast,,,,,,,,,,,NY!Lethe,,,,,,,
Nightmare Horn,,,1,,Beast,,,,,,,,,,,Freyja,,,,,,,
Resolved Fang,,,1,,Beast,,,,,,,,,,,NY!Keaton,,,,,,,
Fiery Fang,,,1,,Beast,,,,,,,,,,,FF!Mordecai,,,,,,,
Fang of Finality,,,1,,Beast,,,,,,,,,,,NY!Elm,,,,,,,
Whelp (Armored),,,1,,Beast,,,,,,,,,,,None,,,,,,,
Yearling (Armored),,,1,,Beast,,,,,,,,,,,None,,,,,,,
Adult (Armored),,,1,,Beast,,,,,,,,,,,None,,,,,,,
Wolfpup Fang,,,1,,Beast,,,,,,,,,,,Velouria,,,,,,,
Lion King Fang,,,1,,Beast,,,,,,,,,,,Caineghis,,,,,,,
New Foxkit Fang,,,1,,Beast,,,,,,,,,,,NY!Selkie,,,,,,,
Sky-Pirate Claw,,,1,,Beast,,,,,,,,,,,PI!Tibarn,,,,,,,
Twin-Crest Power,,,1,,Beast,,,,,,,,,,,FA!Edelgard,,,,,,,
Brightmare Horn,,,1,,Beast,,,,,,,,,,,SU!Freyja,,,,,,,
Ebon-Pirate Claw,,,1,,Beast,,,,,,,,,,,PI!Vika,,,,,,,
Horn of Opening,,,1,,Beast,,,,,,,,,,,Ash,,,,,,,
Sparkling Fang,,,1,,Beast,,,,,,,,,,,NY!Lyre,,,,,,,
Illuminating Horn,,,1,,Beast,,,,,,,,,,,Askr,,,,,,,
Ravager,,,1,,Beast,,,,,,,,,,,Fomortiis,,,,,,,
